"ID","도시","항목","최소","최대","통화","단위","대상","가격형태","출처 URL","조회일","판정","확인 가격","확인 URL","확인일","메모"
"CJU-AT-102","제주","아르떼뮤지엄 제주 입장권 (성인)","18000","18000","KRW","성인 1인","성인 (1963~2007년생)","고정형","https://kr.artemuseum.com/jeju","2026-10-07","확인불가","","https://kr.artemuseum.com/jeju;https://www.visitjeju.net/kr","2026-10-08","아르떼뮤지엄 공식 요금 페이지를 두 차례 열었으나 현재 이 환경에서 502 오류로 가격표를 직접 확인하지 못했습니다. 한국관광공사·Visit Jeju 공식 안내에서도 해당 성인권의 현재 정가를 확인하지 못했습니다."
"CJU-AT-105","제주","제주 유리의성 입장권 (성인)","11000","11000","KRW","성인 1인","성인","고정형","https://english.visitkorea.or.kr/svc/whereToGo/locIntrdn/rgnContentsView.do?vcontsId=97532","2026-10-07","일치","11,000원","https://korean.visitkorea.or.kr/detail/rem_detail.do?cotid=db724115-e34b-4d3d-8973-79eeb5303038","2026-10-08","한국관광공사 공식 안내의 원문 요금은 “입장료 어른 1만1000원”입니다. 원본 성인 표본 11,000원과 일치합니다."
"CJU-AT-116","제주","제주 유리의성 입장권 (어린이)","8000","8000","KRW","어린이 1인","어린이 (관람 연령 7세 이상)","고정형","https://english.visitkorea.or.kr/svc/whereToGo/locIntrdn/rgnContentsView.do?vcontsId=97532","2026-10-07","일치","8,000원","https://korean.visitkorea.or.kr/detail/rem_detail.do?cotid=db724115-e34b-4d3d-8973-79eeb5303038","2026-10-08","한국관광공사 공식 안내의 원문 요금은 “어린이 8000원”입니다. 원본 어린이 표본 8,000원과 일치합니다."
"CJU-FD-858","제주","한솥 치킨마요","3900","3900","KRW","1인분","일반","메뉴형","https://www.hsd.co.kr/menu/menu_list","2026-10-06","일치","3,900원","https://www.hsd.co.kr/menu/menu_view/25?cate1=4&cate2=12","2026-10-08","한솥 공식 메뉴 페이지의 현재 표시 가격 3,900원. 치킨마요 메뉴 가격과 일치합니다."
"CJU-FD-859","제주","한솥 돈까스도련님","5200","5200","KRW","1인분","일반","메뉴형","https://www.hsd.co.kr/menu/menu_list","2026-10-06","일치","5,200원","https://www.hsd.co.kr/menu/menu_view/13?cate1=3&cate2=10","2026-10-08","한솥 공식 메뉴 페이지에서 돈까스도련님 계열 메뉴가 5,200원으로 표시됩니다. 원본 5,200원과 일치합니다."
"CJU-FD-860","제주","한솥 묵은지 김치찌개","6000","6000","KRW","1인분","일반","메뉴형","https://www.hsd.co.kr/menu/menu_list","2026-10-06","일치","6,000원","https://www.hsd.co.kr/menu/menu_view/135?cate1=4&cate2=15","2026-10-08","한솥 공식 메뉴 페이지의 묵은지 김치찌개 가격은 6,000원입니다. 원본 6,000원과 일치합니다."
"CJU-FD-760","제주","소산도 우도흑돼지 안심카츠","17000","17000","KRW","1인분","일반","메뉴형","https://map.naver.com/p/search/%EC%86%8C%EC%82%B0%EB%8F%84","2026-10-04","확인불가","","https://www.visitjeju.net/kr;https://www.jeju.go.kr","2026-10-08","공식 관광·지자체 사이트와 판매자 공식 메뉴판에서 소산도 해당 안심카츠의 현재 가격을 확인하지 못했습니다. 검색 가능한 지도·리뷰 가격은 근거에서 제외했습니다."
"CJU-FD-761","제주","소산도 흑돼지 우도 등심카츠","16000","16000","KRW","1인분","일반","메뉴형","https://map.naver.com/p/search/%EC%86%8C%EC%82%B0%EB%8F%84","2026-10-04","확인불가","","https://www.visitjeju.net/kr;https://www.jeju.go.kr","2026-10-08","공식 관광·지자체 사이트와 판매자 공식 메뉴판에서 소산도 해당 등심카츠의 현재 가격을 확인하지 못했습니다. 검색 가능한 지도·리뷰 가격은 근거에서 제외했습니다."
"CJU-FD-762","제주","제주식 고사리해장국","11000","11000","KRW","1그릇","일반","메뉴형","https://map.naver.com/p/search/%EC%A0%9C%EC%A3%BC%EA%B3%A0%EC%82%AC%EB%A6%AC%ED%95%B4%EC%9E%A5%EA%B5%AD%20%EC%A4%91%EB%AC%B8","2026-10-04","확인불가","","https://visitjeju.net/kr/detail/view?contentsid=CNTS_200000000013114&menuId=DOM_000001719002000000;https://www.visitjeju.net/kr","2026-10-08","Visit Jeju 공식 식당 안내에서 고사리해장국 메뉴는 확인했으나 현재 메뉴 가격이 없습니다. 동일 상품의 공식 가격표를 찾지 못했습니다."
"CJU-FD-763","제주","제주 몸국","11000","11000","KRW","1그릇","일반","메뉴형","https://map.naver.com/p/search/%EC%A0%9C%EC%A3%BC%EA%B3%A0%EC%82%AC%EB%A6%AC%ED%95%B4%EC%9E%A5%EA%B5%AD%20%EC%A4%91%EB%AC%B8","2026-10-04","확인불가","","https://www.visitjeju.net/kr/detail/view?contentsid=CNTS_000000000020185;https://www.visitjeju.net/kr/detail/view?contentsid=CNTS_000000000022709","2026-10-08","Visit Jeju 공식 식당·관광 안내에서 몸국을 확인했으나 현재 메뉴 가격은 게시되어 있지 않습니다. 두 공식 안내 모두 가격을 제공하지 않습니다."
"CJU-FD-764","제주","제주 접짝뼈국","12000","12000","KRW","1그릇","일반","메뉴형","https://map.naver.com/p/search/%EC%A0%9C%EC%A3%BC%EA%B3%A0%EC%82%AC%EB%A6%AC%ED%95%B4%EC%9E%A5%EA%B5%AD%20%EC%A4%91%EB%AC%B8","2026-10-04","확인불가","","https://www.visitjeju.net/kr/detail/view?contentsid=CNTS_300000000015672;https://www.visitjeju.net/kr/detail/view?contentsid=CNTS_200000000014699","2026-10-08","Visit Jeju 공식 식당 안내에서 접짝뼈국은 소개하지만 현재 가격은 표시하지 않습니다. 같은 메뉴의 판매자 공식 가격표를 찾지 못했습니다."
"CJU-FD-765","제주","성산바다풍경 해물뚝배기","16000","16000","KRW","1인분","일반","메뉴형","https://map.naver.com/p/search/%EC%84%B1%EC%82%B0%EB%B0%94%EB%8B%A4%ED%92%8D%EA%B2%BD%20%EC%A0%9C%EC%A3%BC%EC%84%B1%EC%82%B0","2026-10-04","확인불가","","https://www.visitjeju.net/kr;https://www.jeju.go.kr","2026-10-08","성산바다풍경의 공식 메뉴판·운영사 가격 페이지를 찾지 못했고, 공식 관광·지자체 안내에서도 해물뚝배기 가격을 확인하지 못했습니다. 지도·리뷰 가격은 제외했습니다."
"CJU-FD-766","제주","성산바다풍경 오분자기뚝배기","19000","19000","KRW","1인분","일반","메뉴형","https://map.naver.com/p/search/%EC%84%B1%EC%82%B0%EB%B0%94%EB%8B%A4%ED%92%8D%EA%B2%BD%20%EC%A0%9C%EC%A3%BC%EC%84%B1%EC%82%B0","2026-10-04","확인불가","","https://www.visitjeju.net/kr;https://www.jeju.go.kr","2026-10-08","성산바다풍경의 공식 메뉴판·운영사 가격 페이지를 찾지 못했고, 공식 관광·지자체 안내에서도 오분자기뚝배기 가격을 확인하지 못했습니다. 지도·리뷰 가격은 제외했습니다."
"CJU-FD-767","제주","금돗 묵은지 흑돼지 김치찌개","7000","7000","KRW","1인분","일반","메뉴형","https://map.naver.com/p/search/%EA%B8%88%EB%8F%97%20%EC%84%B1%EC%82%B0%ED%9D%91%EB%8F%BC%EC%A7%80","2026-10-04","확인불가","","https://www.visitjeju.net/kr;https://www.jeju.go.kr","2026-10-08","금돗의 공식 메뉴판을 찾지 못했고, Visit Jeju·제주도 공식 안내에서도 해당 김치찌개 가격을 확인하지 못했습니다."
"CJU-FD-768","제주","금돗 열무국수","7000","7000","KRW","1그릇","일반","메뉴형","https://map.naver.com/p/search/%EA%B8%88%EB%8F%97%20%EC%84%B1%EC%82%B0%ED%9D%91%EB%8F%BC%EC%A7%80","2026-10-04","확인불가","","https://www.visitjeju.net/kr;https://www.jeju.go.kr","2026-10-08","금돗의 공식 메뉴판을 찾지 못했고, Visit Jeju·제주도 공식 안내에서도 열무국수 가격을 확인하지 못했습니다."
"CJU-SN-770","제주","미르오메기떡 오메기떡 낱개","900","900","KRW","1개","일반","메뉴형","https://map.naver.com/p/search/%EB%AF%B8%EB%A5%B4%EC%98%A4%EB%A9%94%EA%B8%B0%EB%96%A1","2026-10-04","확인불가","","https://mirromegi.com/;https://www.visitjeju.net/kr/detail/view?contentsid=CNTS_300000000013525&menuId=DOM_000001719000000000","2026-10-08","미르오메기떡 공식 홈페이지와 Visit Jeju 공식 매장 안내를 확인했으나 낱개 상품의 현재 판매가가 표시되지 않습니다."
"CJU-SN-771","제주","춘심이네 오메기떡 낱개","1200","1200","KRW","1개","일반","메뉴형","https://map.naver.com/p/search/%EC%B6%98%EC%8B%AC%EC%9D%B4%EB%84%A4%EC%98%A4%EB%A9%94%EA%B8%B0%EB%96%A1","2026-10-04","확인불가","","https://www.visitjeju.net/en/detail/view?contentsid=CNTS_200000000012714;http://blog.naver.com/chunsim4010","2026-10-08","Visit Jeju 공식 매장 소개 및 연결된 판매자 페이지에서 낱개 오메기떡의 현재 공식 가격을 확인하지 못했습니다. 제3자 판매·리뷰 가격은 제외했습니다."
"CJU-SN-772","제주","할머니떡집 감귤모찌 1팩","5000","5000","KRW","1팩","일반","메뉴형","https://map.naver.com/p/search/%ED%95%A0%EB%A8%B8%EB%8B%88%EB%96%A1%EC%A7%91%20%EC%98%A4%EB%A9%94%EA%B8%B0%EB%96%A1","2026-10-04","확인불가","","https://www.visitjeju.net/kr/detail/view?contentsid=CNTS_200000000012732;https://www.visitjeju.net/u/KXx","2026-10-08","Visit Jeju 공식 매장·상품 소개에서 감귤모찌 1팩의 현재 판매가를 확인하지 못했습니다. 제3자 가격은 제외했습니다."
"CJU-SV-773","제주","미르오메기떡 혼합 30알","27000","27000","KRW","1상자 30알","일반","고정형","https://map.naver.com/p/search/%EB%AF%B8%EB%A5%B4%EC%98%A4%EB%A9%94%EA%B8%B0%EB%96%A1","2026-10-04","확인불가","","https://mirromegi.com/;https://www.visitjeju.net/kr/detail/view?contentsid=CNTS_300000000013525&menuId=DOM_000001719000000000","2026-10-08","미르오메기떡 공식 홈페이지와 Visit Jeju 공식 매장 안내에서 혼합 30알 상품의 현재 판매가를 확인하지 못했습니다."
"CJU-SV-774","제주","춘심이네 오메기떡 40개","39000","39000","KRW","1상자 40개","일반","고정형","https://map.naver.com/p/search/%EC%B6%98%EC%8B%AC%EC%9D%B4%EB%84%A4%EC%98%A4%EB%A9%94%EA%B8%B0%EB%96%A1","2026-10-04","확인불가","","https://www.visitjeju.net/en/detail/view?contentsid=CNTS_200000000012714;http://blog.naver.com/chunsim4010","2026-10-08","춘심이네 오메기떡 공식 소개와 판매자 연결 페이지에서 40개 상품의 현재 가격을 확인하지 못했습니다. 제3자 가격은 근거에서 제외했습니다."
"CJU-SV-775","제주","할머니떡집 오메기떡 11개 (4종류)","10000","10000","KRW","1팩 11개","일반","고정형","https://map.naver.com/p/search/%ED%95%A0%EB%A8%B8%EB%8B%88%EB%96%A1%EC%A7%91%20%EC%98%A4%EB%A9%94%EA%B8%B0%EB%96%A1","2026-10-04","확인불가","","https://www.visitjeju.net/kr/detail/view?contentsid=CNTS_200000000012732;https://www.visitjeju.net/u/KXx","2026-10-08","Visit Jeju 공식 매장·상품 소개에서 오메기떡 11개 상품의 현재 가격을 확인하지 못했습니다. 제3자 판매가를 사용하지 않았습니다."
"CJU-TR-001","제주","제주 간선/지선버스 기본요금 (카드)","1150","1150","KRW","성인 1인 1회","일반","고정형","http://bus.jeju.go.kr/guide/fare","2026-10-03","일치","1,150원","https://bus.jeju.go.kr/mobile/schedule/busfare;https://bus.jeju.go.kr/publicTrafficInformation/generalBusSchedule?viewtype=3","2026-10-08","제주버스정보시스템 공식 요금표의 간선·지선 카드 기본운임은 1,150원으로 표시되어 원본과 일치합니다."
"CJU-TR-002","제주","제주 급행버스 기본/구간요금 (카드)","2000","3000","KRW","성인 1인 1회","일반","거리형","http://bus.jeju.go.kr/guide/fare","2026-10-03","일치","2,000~3,000원","https://bus.jeju.go.kr/mobile/schedule/busfare;https://bus.jeju.go.kr/publicTrafficInformation/generalBusSchedule?viewtype=3","2026-10-08","제주버스정보시스템 공식 요금표에서 급행 카드운임은 기본 2,000원부터 구간에 따라 3,000원까지입니다. 원본 범위와 일치합니다."
"CJU-TR-003","제주","제주 관광지순환버스 1회권 (카드)","1150","1150","KRW","성인 1인 1회","일반","고정형","http://www.jejutourbus.com/sub02/sub01.php","2026-10-03","일치","1,150원","https://bus.jeju.go.kr/mobile/schedule/busfare;https://www.jejutourbus.com/sub02/sub01.php","2026-10-08","제주버스정보시스템 공식 카드 기본운임표에서 관광지순환버스에 해당하는 일반버스 운임은 1,150원입니다. 원본과 일치합니다."
"CJU-FD-001","제주","자매국수 고기국수","10000","10000","KRW","1그릇","일반","고정형","https://map.naver.com/p/entry/place/13570691","2026-10-03","확인불가","","https://www.visitjeju.net/kr/detail/view?contentsid=CNTS_200000000012575;https://m.smartstore.naver.com/jamae_jeju","2026-10-08","Visit Jeju 공식 식당 안내는 고기국수를 소개하지만 현재 메뉴 가격을 싣지 않습니다. 자매국수 판매자 공식 스마트스토어도 가격을 확인할 수 없어 확인불가입니다."
"CJU-FD-002","제주","올래국수 고기국수","10000","10000","KRW","1그릇","일반","고정형","https://map.naver.com/p/entry/place/11728283","2026-10-03","확인불가","","https://www.visitjeju.net/kr/detail/view?contentsid=CNTS_000000000020099;https://www.jeju.go.kr","2026-10-08","Visit Jeju 공식 안내에서 올래국수 메뉴는 확인했으나 현재 고기국수 가격은 표시되지 않습니다. 제주도 공식 안내에서도 가격을 확인하지 못했습니다."
"CJU-FD-003","제주","숙성도 숙성 흑돼지 (1인분 200g)","22000","22000","KRW","1인분","일반","고정형","https://map.naver.com/p/entry/place/1070809277","2026-10-03","확인불가","","https://m.visitjeju.net/kr/detail/view?contentsid=CNTS_200000000012590;https://korean.visitkorea.or.kr/detail/ms_detail.do?cotid=5ca00a8c-2869-42a0-8121-56362241d667","2026-10-08","Visit Jeju·한국관광공사 공식 식당 안내에서 숙성도는 확인했으나 현재 200g 흑돼지 메뉴 가격은 게시되어 있지 않습니다."
"CJU-FD-004","제주","오조해녀의집 전복죽","13000","13000","KRW","1그릇","일반","고정형","https://map.naver.com/p/entry/place/11831417","2026-10-03","확인불가","","https://m.visitjeju.net/kr/detail/view?contentsid=CNTS_000000000001155;https://www.visitjeju.net/kr/themtour/view?contentsid=CNTS_300000000013659","2026-10-08","Visit Jeju 공식 매장 소개와 공식 관광 안내에서 오조해녀의집 전복죽의 현재 메뉴 가격을 찾지 못했습니다."
"CJU-FD-005","제주","진두강정 전복해물뚝배기","15000","15000","KRW","1그릇","일반","고정형","https://map.naver.com/p/entry/place/11831343","2026-10-03","확인불가","","https://www.visitjeju.net/kr;https://www.jeju.go.kr","2026-10-08","진두강정의 공식 메뉴판·판매자 가격 페이지를 찾지 못했고, Visit Jeju·제주도 공식 안내에서도 전복해물뚝배기 가격을 확인하지 못했습니다."
"CJU-FD-006","제주","에이바우트커피 아메리카노 (모닝할인/일반)","1900","2900","KRW","1잔","일반","고정형","https://aboutcoffee.co.kr/","2026-10-03","확인불가","","https://aboutcoffee.co.kr/;https://www.visitjeju.net/kr","2026-10-08","에이바우트커피 공식 홈페이지와 Visit Jeju 공식 안내에서 아메리카노의 현재 모닝할인·일반 가격을 확인하지 못했습니다."
"CJU-FD-007","제주","동문시장 착즙 한라봉주스 (1병)","4000","4000","KRW","1병 350ml","일반","고정형","https://map.naver.com/p/entry/place/11624838","2026-10-03","확인불가","","https://www.visitjeju.net/kr/detail/view?contentsid=CNTS_200000000012626;https://www.visitjeju.net/kr","2026-10-08","Visit Jeju 공식 판매처 소개에서 착즙 주스는 소개하지만 동문시장 해당 한라봉주스 1병의 현재 가격은 확인되지 않습니다. 다른 주스 상품 가격은 대체하지 않았습니다."
"CJU-FD-008","제주","동문시장 원조 오메기떡 (낱개 1개)","1000","1000","KRW","1개","일반","고정형","https://map.naver.com/p/entry/place/11831418","2026-10-03","확인불가","","https://www.visitjeju.net/kr;https://www.jeju.go.kr","2026-10-08","동문시장 해당 판매자의 공식 메뉴·상품 페이지에서 낱개 오메기떡 가격을 확인하지 못했고, 공공 관광 페이지에도 현재 가격이 없습니다."
"CJU-FD-009","제주","한라산 21도 소주","1950","1950","KRW","1병 360ml","일반","고정형","https://cu.bgfretail.com/product/product.do?category=04","2026-10-03","확인불가","","http://www.hallasan.co.kr/shop/list.php?ca_id=10;https://www.visitjeju.net/kr/detail/view?contentsid=CNTS_200000000008050&menuId=DOM_000001718000000000","2026-10-08","한라산소주 제조사 공식 판매 페이지는 열리지 않았고 Visit Jeju 공식 제조장 안내에도 소매가가 없습니다. CU 공식 상품 페이지에서도 현재 가격을 확인하지 못해 추정하지 않았습니다."
"CJU-FD-010","제주","제주맥주 제주위트에일 캔","4500","4500","KRW","1캔 500ml","일반","고정형","https://cu.bgfretail.com/product/product.do?category=04","2026-10-03","확인불가","","https://hanwoolnjeju.com/;https://cu.bgfretail.com/product/product.do?category=04","2026-10-08","제주맥주 제조사 공식 페이지와 CU 공식 상품 목록에서 제주위트에일 캔의 현재 판매가를 확인하지 못했습니다. 가격이 없는 상품 설명만으로 값을 추정하지 않았습니다."
"CJU-FD-011","제주","식당 한라산 소주/카스 맥주","5000","5000","KRW","1병","일반","고정형","https://map.naver.com/p/entry/place/13570691","2026-10-03","확인불가","","https://www.visitjeju.net/kr/detail/view?contentsid=CNTS_000000000012575;https://m.smartstore.naver.com/jamae_jeju","2026-10-08","자매국수 공식 관광 안내 및 판매자 공식 페이지에서 식당 주류 판매 가격을 확인하지 못했습니다. 일반 편의점 주류가를 대신 쓰지 않았습니다."
"CJU-SV-001","제주","제주 마음샌드 (10개입)","16000","16000","KRW","1상자","일반","고정형","https://www.paris.co.kr/","2026-10-03","확인불가","","https://www.paris.co.kr/;https://www.paris.co.kr/promotion/paris-baguette-jeju-sand/","2026-10-08","파리바게뜨 공식 상품·홍보 페이지에서 현재 마음샌드 10개입 정가를 확인하지 못했습니다. 확인한 과거 프로모션은 종료된 행사라 현재 가격 근거로 쓰지 않았습니다."
"CJU-SV-002","제주","제주 감귤 초콜릿 선물세트","10000","10000","KRW","1상자","일반","고정형","https://mall.ejeju.net/","2026-10-03","확인불가","","https://mall.ejeju.net/goods/category.do?cate=31042&psort=low&pview=grid&swhat=&sword=;https://mall.ejeju.net/","2026-10-08","제주 공식 온라인몰에서 유사한 다른 초콜릿 상품은 보였지만 원본과 같은 감귤 초콜릿 선물세트가 아니므로 가격을 대체하지 않았습니다. 동일 SKU의 현재 공식 가격은 확인되지 않습니다."
"CJU-SV-003","제주","돌하르방 현무암 감귤 마그넷","5000","5000","KRW","1개","일반","고정형","https://map.naver.com/p/entry/place/11624838","2026-10-03","확인불가","","https://www.visitjeju.net/kr;https://www.jeju.go.kr","2026-10-08","돌하르방 현무암 감귤 마그넷의 공식 판매자·공식 온라인몰 상품 페이지를 찾지 못했습니다. 공식 관광·지자체 안내에서도 동일 상품 가격을 확인할 수 없습니다."
"CJU-AT-001","제주","성산일출봉 유료관람권 (성인)","5000","5000","KRW","성인 1인","일반 만 25-64세","고정형","https://www.jeju.go.kr/heritage/heritage/seongsan.htm","2026-10-03","확인불가","","https://www.jeju.go.kr/heritage/heritage/seongsan.htm;https://www.visitjeju.net/kr/detail/view?contentsid=CONT_000000000500349&menuId=DOM_000001707009000000","2026-10-08","성산일출봉 제주도 공식 요금 페이지를 두 차례 열었으나 가격표가 직접 확인되지 않았고 Visit Jeju 공식 안내도 금액을 제공하지 않습니다. 과거 공식 요금표는 현행 확인 자료가 아니어서 사용하지 않았습니다."
"CJU-AT-002","제주","성산일출봉 유료관람권 (어린이)","2500","2500","KRW","아동 1인","아동 만 7-12세","고정형","https://www.jeju.go.kr/heritage/heritage/seongsan.htm","2026-10-03","확인불가","","https://www.jeju.go.kr/heritage/heritage/seongsan.htm;https://www.visitjeju.net/kr/detail/view?contentsid=CONT_000000000500349&menuId=DOM_000001707009000000","2026-10-08","성산일출봉 제주도 공식 요금 페이지를 두 차례 열었으나 아동 가격을 직접 확인하지 못했고 Visit Jeju 공식 안내에도 금액이 없습니다. 과거 요금표는 현행 여부가 확인되지 않아 제외했습니다."
"CJU-AT-003","제주","만장굴 입장료 (어른)","4000","4000","KRW","성인 1인","일반 만 25-64세","고정형","https://www.jeju.go.kr/wnhcenter/geology/manjang.htm","2026-10-03","확인불가","","https://www.jeju.go.kr/wnhcenter/geology/manjang.htm;https://jeju.go.kr/lifecycle/notice/allnews.htm?act=view&seq=2022374","2026-10-08","만장굴 제주도 공식 페이지를 열었으나 현재 요금표가 확인되지 않았습니다. 2026년 재개장 관련 제주도 공식 공지도 요금을 게시하지 않습니다. 재개장 전 과거 표의 가격은 사용하지 않았습니다."
"CJU-AT-004","제주","만장굴 입장료 (어린이)","2000","2000","KRW","아동 1인","아동 만 7-12세","고정형","https://www.jeju.go.kr/wnhcenter/geology/manjang.htm","2026-10-03","확인불가","","https://www.jeju.go.kr/wnhcenter/geology/manjang.htm;https://jeju.go.kr/lifecycle/notice/allnews.htm?act=view&seq=2022374","2026-10-08","만장굴 제주도 공식 페이지를 열었으나 현재 어린이 요금표가 확인되지 않았습니다. 2026년 재개장 공지도 요금을 게시하지 않아 과거 요금표는 제외했습니다."
"CJU-AT-005","제주","아쿠아플라넷 제주 종합권 (대인)","42400","42400","KRW","성인 1인","일반 만 13세 이상","고정형","https://www.aquaplanet.co.kr/jeju/index.do","2026-10-03","불일치","45,500원","https://www.aquaplanet.co.kr/jeju/information/use_price.do;https://www.aquaplanet.co.kr/jeju/eng/information/use_price.do","2026-10-08","공식 이용요금표 원문은 “대인 45,500원”입니다. 원본 42,400원보다 3,100원 높습니다. 공식 페이지에 별도 할인 안내도 있으나 정가 비교에는 기본 대인 요금을 사용했습니다."
"CJU-AT-006","제주","아쿠아플라넷 제주 종합권 (어린이)","38500","38500","KRW","아동 1인","아동 36개월-12세","고정형","https://www.aquaplanet.co.kr/jeju/index.do","2026-10-03","불일치","41,400원","https://www.aquaplanet.co.kr/jeju/information/use_price.do;https://www.aquaplanet.co.kr/jeju/eng/information/use_price.do","2026-10-08","공식 이용요금표 원문은 “소인 41,400원”입니다. 원본 38,500원보다 2,900원 높습니다. 공식 페이지의 별도 할인가는 기본 소인 정가와 구분했습니다."
"CJU-AT-007","제주","신화테마파크 자유이용권 (1인)","30000","30000","KRW","1인","일반","고정형","https://www.shinhwaworld.com/park.php?url_lang=ko_KR","2026-10-03","확인불가","","https://www.shinhwaworld.com/themeparktip/39959.jhtml;https://www.shinhwaworld.com/","2026-10-08","신화월드 공식 FAQ는 테마파크 입장 자체와 유료 이용권을 구분하지만, 현재 상시 자유이용권 정가를 확인할 수 없습니다. 공식 이벤트 특가는 기간 한정이라 정가 판정에 사용하지 않았습니다."
"CJU-AT-008","제주","오설록 티뮤지엄 본관 관람","0","0","KRW","1인","일반","고정형","https://www.osulloc.com/kr/ko/museum","2026-10-03","일치","무료 (0원)","https://www.osulloc.com/kr/ko/store-introduction/jeju-map;https://korean.visitkorea.or.kr/detail/rem_detail.do?cotid=db724115-e34b-4d3d-8973-79eeb5303038","2026-10-08","오설록 공식 안내에 “관람료 무료”로 표시되어 원본 0원과 일치합니다. 한국관광공사 공식 소개도 입장료 없음으로 안내합니다."
"CJU-AT-009","제주","천지연폭포 관람료 (어른)","2000","2000","KRW","성인 1인","일반 만 25세 이상","고정형","https://www.seogwipo.go.kr/","2026-10-03","일치","2,000원","https://eticket.seogwipo.go.kr/contents?bmcode=cheonjiyeon;https://www.seogwipo.go.kr/","2026-10-08","서귀포시 공식 전자관광권의 천지연폭포 개인 어른 요금은 2,000원으로 표시되어 원본과 일치합니다."
"CJU-AT-010","제주","천지연폭포 관람료 (어린이)","1000","1000","KRW","아동 1인","아동 만 7-12세","고정형","https://www.seogwipo.go.kr/","2026-10-03","일치","1,000원","https://eticket.seogwipo.go.kr/contents?bmcode=cheonjiyeon;https://www.seogwipo.go.kr/","2026-10-08","서귀포시 공식 전자관광권에서 천지연폭포 어린이(7~12세) 요금은 1,000원으로 표시되어 원본과 일치합니다."
"CJU-AP-001","제주","제주공항-서귀포 600번 공항리무진 편도 (성인)","1300","5500","KRW","성인 1인 편도","일반","거리형","https://www.samyoungbus.co.kr/","2026-10-03","일치","1,300~5,500원","https://bus.jeju.go.kr/mobile/schedule/busfare;https://bus.jeju.go.kr/publicTrafficInformation/airportBusInfo","2026-10-08","제주버스정보시스템 공식 요금표의 600번 공항리무진 일반 요금은 “1,300원~5,500원”입니다. 원본 성인 구간과 일치합니다."
"CJU-AP-002","제주","제주공항-서귀포 600번 공항리무진 편도 (어린이)","650","2800","KRW","아동 1인 편도","아동 만 6-12세","거리형","https://www.samyoungbus.co.kr/","2026-10-03","확인불가","","https://bus.jeju.go.kr/mobile/schedule/busfare;https://bus.jeju.go.kr/publicTrafficInformation/airportBusInfo","2026-10-08","공식 버스 요금표와 600번 공항리무진 안내에서 일반 운임은 확인했으나 어린이 600번 요금은 게시되어 있지 않습니다. 다른 노선 할인율을 대입하지 않았습니다."
"CJU-AP-003","제주","제주공항 급행버스 101/102번 편도 (성인)","2000","3000","KRW","성인 1인 편도","일반","거리형","http://bus.jeju.go.kr/guide/fare","2026-10-03","일치","2,000~3,000원","https://bus.jeju.go.kr/mobile/schedule/busfare;https://bus.jeju.go.kr/publicTrafficInformation/generalBusSchedule?viewtype=3","2026-10-08","제주버스정보시스템 공식 요금표에 급행 카드운임이 2,000원부터 3,000원까지로 표시되어 원본과 일치합니다."
"CJU-RC-001","제주","모닝/레이 24시간 렌트 기본대여료","49000","85000","KRW","1일 차량 1대","일반","수요형","https://www.lotterentacar.net/","2026-10-03","확인불가","","https://www.lotterentacar.net/hp/kor/reservation/shortInfo/pay.do?mnCd=T2MK0102;https://m.lotterentacar.net/hp/kor/reservation/shortInfo/pay.do","2026-10-08","롯데렌터카 공식 요금표는 2026-07-16 적용, 차종 연식별 1~3일 정가와 할인 안내를 별도로 표시합니다. 모닝/레이의 연식·예약일을 특정하지 않은 24시간 행과 동일 조건 가격을 비교할 수 없고, 실제 예약 할인가는 날짜 선택이 필요해 확인불가입니다."
"CJU-RC-002","제주","아반떼 24시간 렌트 기본대여료","62000","110000","KRW","1일 차량 1대","일반","수요형","https://www.skcarrental.com/","2026-10-03","확인불가","","https://www.skcarrental.com/;https://www.skcarrental.com/reservation","2026-10-08","SK렌터카 공식 사이트에서 제주 아반떼의 현재 24시간 기본대여료를 고정 가격으로 확인하지 못했습니다. 예약 날짜·차량 조건 선택이 필요한 요금은 원본 범위와 직접 대조할 수 없어 확인불가입니다."
"CJU-RC-003","제주","K5/쏘나타 24시간 렌트 기본대여료","78000","140000","KRW","1일 차량 1대","일반","수요형","https://www.lotterentacar.net/","2026-10-03","확인불가","","https://www.lotterentacar.net/hp/kor/reservation/shortInfo/pay.do?mnCd=T2MK0102;https://m.lotterentacar.net/hp/kor/reservation/shortInfo/pay.do","2026-10-08","롯데렌터카 공식 요금표는 차종 연식·기간별 정가와 별도 할인가를 구분합니다. K5/쏘나타 연식·예약일을 지정하지 않은 24시간 표본과 동일 조건의 현재 요금을 확정할 수 없어 확인불가입니다."
