"ID","도시","항목","최소","최대","통화","단위","대상","가격형태","출처 URL","조회일","판정","확인 가격","확인 URL","확인일","메모"
"LON-TR-001","런던","TfL 존 1-2 일일 상한","8.9","8.9","GBP","성인 1일","일반","고정형","https://madeby.tfl.gov.uk/2026/09/07/london-life-as-a-student/","2026-10-03","일치","£8.90","https://madeby.tfl.gov.uk/2026/09/07/london-life-as-a-student/","2026-10-08","TfL 공식 자료의 Zone 1–2 adult daily cap £8.90과 일치. 2027년까지 상한 동결 안내."
"LON-AT-001","런던","런던탑 성인권","37","37","GBP","성인 1인","성인","고정형","https://www.hrp.org.uk/tower-of-london/","2026-10-03","불일치","£38.00 (기부 제외)","https://www.hrp.org.uk/tower-of-london/","2026-10-08","Historic Royal Palaces 공식 페이지의 Tower of London 성인 입장료는 기부 제외 £38.00으로, 저장된 £37.00보다 £1.00 높음."
"LON-AT-002","런던","런던탑 아동권","18.5","18.5","GBP","아동 1인","5-15세","고정형","https://www.hrp.org.uk/tower-of-london/","2026-10-03","불일치","£19.00 (기부 제외)","https://www.hrp.org.uk/tower-of-london/","2026-10-08","Historic Royal Palaces 공식 페이지의 5–15세 아동권은 기부 제외 £19.00으로, 저장된 £18.50보다 £0.50 높음."
"LON-AT-003","런던","런던아이 성인권","29","39","GBP","성인 1인","성인","수요형","https://www.londoneye.com/tickets-and-prices/","2026-10-02","일치","£29.00부터 온라인; 현장 £39.00","https://www.londoneye.com/tickets-and-prices/","2026-10-08","London Eye 공식 페이지의 성인 예매 시작가 £29, 현장가 £39와 저장 범위가 일치."
"LON-AT-004","런던","런던아이 아동권","26","35","GBP","아동 1인","2-15세","수요형","https://www.londoneye.com/tickets-and-prices/","2026-10-02","일치","£26.00부터 온라인; 현장 £35.00","https://www.londoneye.com/tickets-and-prices/","2026-10-08","London Eye 공식 페이지의 2–15세 아동 예매 시작가 £26, 현장가 £35와 저장 범위가 일치."
"LON-AT-005","런던","대영박물관 상설 관람","0","0","GBP","1인","일반","고정형","https://www.britishmuseum.org/visit","2026-10-02","확인불가","확인불가","https://www.britishmuseum.org/visit","2026-10-08","British Museum 공식 방문 페이지를 두 차례 열었으나 내부 오류가 반환되어 무료 상설 관람을 해당 URL에서 직접 확인하지 못함."
"LON-SV-001","런던","대영박물관 건물 핀 배지","3.5","3.5","GBP","1개","일반","재고형","https://www.britishmuseumshoponline.org/british-museum-pin-badge.html","2026-10-03","일치","£3.50","https://www.britishmuseumshoponline.org/british-museum-pin-badge.html","2026-10-08","British Museum 공식 숍 상품 페이지의 British Museum Pin Badge 가격 £3.50과 일치."
"LON-TR-002","런던","TfL 버스·트램 성인 PAYG","1.75","1.75","GBP","성인 1인 1회","일반","고정형","https://tfl.gov.uk/campaign/fares-from-2-march-2025","2026-10-02","일치","£1.75","https://tfl.gov.uk/fares/find-fares/bus-and-tram-fares","2026-10-08","저장 URL은 성인 버스·트램 PAYG £1.75가 2026-07-05까지 동결됐다고 안내. TfL 공식 현행 요금표에도 조회일 현재 £1.75로 표기(2026-11-01 인상 예정)."
"LON-TR-003","런던","런던 지하철 존1 피크 PAYG","3.1","3.1","GBP","성인 1인 1회","일반","고정형","https://tfl.gov.uk/campaign/fares-from-2-march-2025","2026-10-03","일치","£3.10","https://tfl.gov.uk/campaign/fares-from-2-march-2025","2026-10-08","TfL 공식 요금표의 Zone 1 피크 성인 PAYG £3.10(2026-03-01 적용)과 일치."
"LON-TR-004","런던","IFS 클라우드 케이블카 편도 성인권","7","7","GBP","성인 1인 1회","일반","고정형","https://tfl.gov.uk/campaign/fares-from-2-march-2025","2026-10-03","일치","£7.00","https://tfl.gov.uk/campaign/fares-from-2-march-2025","2026-10-08","TfL 공식 요금표의 IFS Cloud Cable Car 성인 편도 £7.00과 일치."
"LON-FD-005","런던","디슘 촐레 푸리 할와","15.9","15.9","GBP","1메뉴","일반","메뉴형","https://www.dishoom.com/menu/all-day-main/","2026-10-03","일치","£15.90","https://www.dishoom.com/menu/all-day-main/","2026-10-08","Dishoom 공식 All Day 메뉴의 Chole Puri Halwa £15.90과 일치."
"LON-FD-006","런던","디슘 치킨 루비","18.9","18.9","GBP","1메뉴","일반","메뉴형","https://www.dishoom.com/menu/all-day-main/","2026-10-03","일치","£18.90","https://www.dishoom.com/menu/all-day-main/","2026-10-08","Dishoom 공식 All Day 메뉴의 Chicken Ruby £18.90과 일치."
"LON-FD-007","런던","디슘 램 비리야니","21.5","21.5","GBP","1메뉴","일반","메뉴형","https://www.dishoom.com/menu/all-day-main/","2026-10-03","일치","£21.50","https://www.dishoom.com/menu/all-day-main/","2026-10-08","Dishoom 공식 All Day 메뉴의 Lamb Biryani £21.50과 일치."
"LON-SV-002","런던","대영박물관 입체 자석","3.75","3.75","GBP","1개","일반","재고형","https://www.britishmuseumshoponline.org/british-museum-facade-3d-magnet.html","2026-10-03","일치","£3.75","https://www.britishmuseumshoponline.org/british-museum-facade-3d-magnet.html","2026-10-08","British Museum 공식 숍의 3D facade magnet £3.75와 일치."
"LON-SV-003","런던","대영박물관 토트백","3.99","3.99","GBP","1개","일반","재고형","https://www.britishmuseumshoponline.org/british-museum-tote-bag.html","2026-10-03","일치","£3.99","https://www.britishmuseumshoponline.org/british-museum-tote-bag.html","2026-10-08","British Museum 공식 숍의 면 토트백 £3.99와 일치."
"LON-TR-005","런던","산탄데르 사이클 일반 자전거 30분","1.65","1.65","GBP","성인 1인 1회(30분)","일반","고정형","https://tfl.gov.uk/modes/cycling/santander-cycles/what-you-pay","2026-10-02","일치","£1.65","https://tfl.gov.uk/modes/cycling/santander-cycles/what-you-pay","2026-10-08","TfL Santander Cycles 공식 요금표의 일반 자전거 단일 30분 이용 £1.65와 일치."
"LON-AT-006","런던","세인트폴 대성당 관광 입장권","27","27","GBP","성인 1인 1회","성인 만 18세 이상","고정형","https://www.stpauls.co.uk/ticket-types-and-prices","2026-10-04","일치","£27.00 (기부 제외)","https://www.stpauls.co.uk/ticket-types-and-prices","2026-10-08","St Paul's 공식 표에서 2026-06-25~09-01 외 기간 성인 관광 입장료 £27.00, 선택 기부 별도. 조회일은 해당 기간 밖이라 일치."
"LON-AT-007","런던","타워브리지 전시 입장권","18","18","GBP","성인 1인 1회","성인 만 18세 이상","고정형","https://www.towerbridge.org.uk/whats-on/entry-to-tower-bridge","2026-10-04","일치","£18.00","https://www.towerbridge.org.uk/whats-on/entry-to-tower-bridge","2026-10-08","Tower Bridge 공식 입장료의 18세 이상 개인권 £18.00과 일치."
"LON-AT-008","런던","큐 가든 성인 온라인 입장권","25","25","GBP","성인 1인 1회","성인 일반 입장","고정형","https://www.kew.org/kew-gardens/visit-kew-gardens/tickets","2026-10-04","일치","£25.00 online (peak; donation 제외)","https://www.kew.org/kew-gardens/visit-kew-gardens/tickets","2026-10-08","Kew Gardens 공식 페이지의 2026-09-02~10-31 성수기 성인 온라인 표준권 £25.00과 일치."
"LON-AT-009","런던","켄싱턴 궁전 일반 입장권","24.7","24.7","GBP","성인 1인 1회","성인 만 18~64세","고정형","https://www.hrp.org.uk/kensington-palace/visit/tickets-and-prices/","2026-10-04","일치","£24.70 (기부 제외)","https://www.hrp.org.uk/kensington-palace/visit/tickets-and-prices/","2026-10-08","Historic Royal Palaces 공식 Kensington Palace 성인(18–64세) 요금 £24.70, 선택 기부 별도. 저장가와 일치."
"LON-AT-010","런던","그리니치 왕립천문대 일반 입장권","24","24","GBP","성인 1인 1회","성인 만 16세 이상","고정형","https://www.rmg.co.uk/plan-your-visit/tickets-prices","2026-10-04","일치","£24.00","https://www.rmg.co.uk/plan-your-visit/tickets-prices","2026-10-08","Royal Museums Greenwich 공식 현행 요금표의 Royal Observatory 성인(16+) £24.00과 일치."
"LON-AT-011","런던","내셔널 갤러리 일반 입장 무료","0","0","GBP","성인 1인 1회","일반 방문객","고정형","https://www.nationalgallery.org.uk/visiting/plan-your-visit","2026-10-04","일치","£0","https://www.nationalgallery.org.uk/visiting/plan-your-visit","2026-10-08","National Gallery 공식 방문 안내: 일반 입장 무료. 일부 특별전은 유료."
"LON-AT-012","런던","자연사박물관 일반 갤러리 무료 입장","0","0","GBP","성인 1인 1회","일반 방문객","고정형","https://www.nhm.ac.uk/visit.html","2026-10-04","일치","£0","https://www.nhm.ac.uk/visit.html","2026-10-08","Natural History Museum 공식 안내: 일반 갤러리 무료 관람. 입장 보장용 무료 티켓 예약 가능."
"LON-AT-013","런던","과학박물관 일반 입장 무료","0","0","GBP","성인 1인 1회","일반 방문객","고정형","https://www.sciencemuseum.org.uk/visit","2026-10-04","일치","£0","https://www.sciencemuseum.org.uk/visit","2026-10-08","Science Museum 공식 안내: 일반 입장 무료이며 무료 일반 입장권을 예약할 수 있음."
"LON-AT-014","런던","국립해양박물관 일반 입장 무료","0","0","GBP","성인 1인 1회","일반 방문객","고정형","https://www.rmg.co.uk/plan-your-visit/tickets-prices","2026-10-04","일치","£0","https://www.rmg.co.uk/plan-your-visit/tickets-prices","2026-10-08","Royal Museums Greenwich 공식 요금표의 National Maritime Museum 일반 입장 무료와 일치."
"LON-AT-015","런던","퀸스 하우스 일반 입장 무료","0","0","GBP","성인 1인 1회","일반 방문객","고정형","https://www.rmg.co.uk/plan-your-visit/tickets-prices","2026-10-04","일치","£0","https://www.rmg.co.uk/plan-your-visit/tickets-prices","2026-10-08","Royal Museums Greenwich 공식 요금표의 Queen's House 일반 입장 무료와 일치."
"LON-AT-016","런던","세인트폴 대성당 만 6~17세 관광 입장권","10.5","10.5","GBP","아동 1인","만 6~17세(최저 유료 구간)","고정형","https://www.stpauls.co.uk/ticket-types-and-prices","2026-10-04","일치","£10.50 (기부 제외)","https://www.stpauls.co.uk/ticket-types-and-prices","2026-10-08","St Paul's 공식 요금표의 6–17세 어린이 요금 £10.50. 조회일 적용 기간의 가격과 일치."
"LON-AT-017","런던","세인트폴 대성당 만 6세 미만 무료 입장","0","0","GBP","아동 1인","만 6세 미만","고정형","https://www.stpauls.co.uk/ticket-types-and-prices","2026-10-04","일치","£0","https://www.stpauls.co.uk/ticket-types-and-prices","2026-10-08","St Paul's 공식 요금표의 0–5세 infant 무료 입장과 일치."
"LON-AT-018","런던","타워브리지 만 5~15세 입장권","9","9","GBP","아동 1인","만 5~15세(최저 유료 구간)","고정형","https://www.towerbridge.org.uk/whats-on/entry-to-tower-bridge","2026-10-04","일치","£9.00","https://www.towerbridge.org.uk/whats-on/entry-to-tower-bridge","2026-10-08","Tower Bridge 공식 요금표의 5–15세 어린이 입장권 £9.00과 일치."
"LON-AT-019","런던","타워브리지 만 5세 미만 무료 입장","0","0","GBP","아동 1인","만 5세 미만","고정형","https://www.towerbridge.org.uk/whats-on/entry-to-tower-bridge","2026-10-04","일치","£0","https://www.towerbridge.org.uk/whats-on/entry-to-tower-bridge","2026-10-08","Tower Bridge 공식 요금표의 5세 미만 무료 입장과 일치."
"LON-AT-020","런던","큐 가든 만 4~15세 온라인 입장권","2","2","GBP","아동 1인","만 4~15세(최저 유료 구간)","고정형","https://www.kew.org/kew-gardens/visit-kew-gardens/tickets","2026-10-04","일치","£2.00 online (기부 제외)","https://www.kew.org/kew-gardens/visit-kew-gardens/tickets","2026-10-08","Kew Gardens 공식 요금표의 2026-09-02 이후 4–15세 온라인 아동권 £2.00과 일치."
"LON-AT-021","런던","큐 가든 만 4세 미만 무료 입장","0","0","GBP","아동 1인","만 4세 미만","고정형","https://www.kew.org/kew-gardens/visit-kew-gardens/tickets","2026-10-04","일치","£0","https://www.kew.org/kew-gardens/visit-kew-gardens/tickets","2026-10-08","Kew Gardens 공식 요금표의 4세 미만 무료 입장과 일치."
"LON-AT-022","런던","켄싱턴 궁전 만 5~15세 어린이 입장권","12.4","12.4","GBP","아동 1인","만 5~15세(최저 유료 구간)","고정형","https://www.hrp.org.uk/kensington-palace/visit/tickets-and-prices/","2026-10-04","일치","£12.40 (기부 제외)","https://www.hrp.org.uk/kensington-palace/visit/tickets-and-prices/","2026-10-08","Historic Royal Palaces 공식 Kensington Palace 요금표의 5–15세 어린이 £12.40과 일치."
"LON-AT-023","런던","켄싱턴 궁전 만 5세 미만 무료 입장","0","0","GBP","아동 1인","만 5세 미만","고정형","https://www.hrp.org.uk/kensington-palace/visit/tickets-and-prices/","2026-10-04","일치","£0","https://www.hrp.org.uk/kensington-palace/visit/tickets-and-prices/","2026-10-08","Historic Royal Palaces 공식 Kensington Palace 요금표에서 5세 미만 티켓 없이 무료 입장과 일치."
"LON-AT-024","런던","그리니치 왕립천문대 만 4~15세 입장권","12","12","GBP","아동 1인","만 4~15세(최저 유료 구간)","고정형","https://www.rmg.co.uk/plan-your-visit/tickets-prices","2026-10-04","일치","£12.00","https://www.rmg.co.uk/plan-your-visit/tickets-prices","2026-10-08","Royal Museums Greenwich 공식 요금표의 Royal Observatory 어린이(4–15세) £12.00과 일치."
"LON-AT-025","런던","그리니치 왕립천문대 만 4세 미만 무료 입장","0","0","GBP","아동 1인","만 4세 미만","고정형","https://www.rmg.co.uk/plan-your-visit/tickets-prices","2026-10-04","일치","£0","https://www.rmg.co.uk/plan-your-visit/tickets-prices","2026-10-08","Royal Museums Greenwich 공식 요금 안내에서 4세 미만은 전 시설 무료."
"LON-TR-885","런던","런던 버스·트램 1일 패스","6","6","GBP","성인 1인 1일","일반","고정형","https://tfl.gov.uk/fares/find-fares/bus-and-tram-fares","2026-10-06","일치","£6.00","https://tfl.gov.uk/fares/find-fares/bus-and-tram-fares","2026-10-08","TfL 공식 Bus & Tram Pass 현행 요금표의 One Day Bus & Tram Pass £6.00과 일치. 2026-11-01부터 £6.40으로 인상 예정."
"LON-FD-893","런던","디슘 치킨 루비(커리)","18.9","18.9","GBP","1인분","일반","메뉴형","https://www.dishoom.com/menu/all-day-main/","2026-10-06","일치","£18.90","https://www.dishoom.com/menu/all-day-main/","2026-10-08","Dishoom 공식 All Day 메뉴의 Chicken Ruby £18.90과 일치."
"LON-FD-894","런던","디슘 파우 바지","8.7","8.7","GBP","1인분","일반","메뉴형","https://www.dishoom.com/menu/all-day-main/","2026-10-06","일치","£8.70","https://www.dishoom.com/menu/all-day-main/","2026-10-08","Dishoom 공식 All Day 메뉴의 Pau Bhaji £8.70과 일치."
"LON-FD-895","런던","디슘 하우스 블랙 달","11.5","11.5","GBP","1인분","일반","메뉴형","https://www.dishoom.com/menu/all-day-main/","2026-10-06","일치","£11.50","https://www.dishoom.com/menu/all-day-main/","2026-10-08","Dishoom 공식 All Day 메뉴의 House Black Daal £11.50과 일치."
"LON-SN-900","런던","세인즈버리 에비앙 생수 500ml","1.55","1.55","GBP","1병 500ml","일반","고정형","https://www.sainsburys.co.uk/gol-ui/product/evian-natural-bottled-mineral-still-water-500ml","2026-10-07","일치","£1.55","https://www.sainsburys.co.uk/gol-ui/product/evian-natural-bottled-mineral-still-water-500ml","2026-10-08","Sainsbury's 공식 상품 페이지의 Evian 생수 500ml 가격 £1.55와 일치."
"LON-SN-901","런던","세인즈버리 코카콜라 500ml","2.15","2.15","GBP","1병 500ml","일반","고정형","https://www.sainsburys.co.uk/gol-ui/product/coca-cola-original-taste-500ml","2026-10-07","일치","£2.15","https://www.sainsburys.co.uk/gol-ui/product/coca-cola-original-taste-500ml","2026-10-08","Sainsbury's 공식 상품 페이지의 Coca-Cola Original Taste 500ml 가격 £2.15와 일치."
"LON-AT-201","런던","내셔널 갤러리 일반 관람 아동","0","0","GBP","아동 1인","일반 관람(만 6~12세 포함 모든 방문객 무료)","고정형","https://www.nationalgallery.org.uk/visiting/plan-your-visit","2026-10-08","일치","£0","https://www.nationalgallery.org.uk/visiting/plan-your-visit","2026-10-08","National Gallery 공식 안내는 일반 입장 무료로, 아동도 같은 일반 관람 조건에 포함."
"LON-AT-202","런던","자연사박물관 일반 갤러리 아동 입장","0","0","GBP","아동 1인","일반 갤러리 관람(만 6~12세 포함 모든 방문객 무료)","고정형","https://www.nhm.ac.uk/visit.html","2026-10-08","일치","£0","https://www.nhm.ac.uk/visit.html","2026-10-08","Natural History Museum 공식 안내는 갤러리 무료 관람으로, 아동도 같은 일반 관람 조건에 포함."
"LON-AT-203","런던","과학박물관 일반 관람 아동 입장","0","0","GBP","아동 1인","일반 입장(만 6~12세 포함 모든 방문객 무료)","고정형","https://www.sciencemuseum.org.uk/visit","2026-10-08","일치","£0","https://www.sciencemuseum.org.uk/visit","2026-10-08","Science Museum 공식 안내는 일반 입장 무료로, 아동도 같은 일반 관람 조건에 포함."
"LON-FD-723","런던","웨더스푼 스테이크 앤 에일 푸딩","8.92","8.92","GBP","1인분","일반","메뉴형","https://www.jdwetherspoon.com/wp-content/uploads/menus/currentmenus/MENU_2060.pdf","2026-10-04","불일치","£9.12 with soft drink / £10.65 with alcoholic drink","https://www.jdwetherspoon.com/wp-content/uploads/menus/currentmenus/MENU_2060.pdf","2026-10-08","J D Wetherspoon 현재 공식 메뉴는 pub classics를 음료 포함으로 표기하며 해당 요리를 £9.12(무알코올 음료) 또는 £10.65(주류 포함)로 표시. 저장 £8.92와 다르고 펍에 따라 가격이 변동."
"LON-SN-730","런던","에비앙 생수 500ml (테스코)","1.5","1.5","GBP","1병 500ml","일반","고정형","https://www.tesco.com/shop/en-GB/products/252168830","2026-10-04","일치","£1.50","https://www.tesco.com/shop/en-GB/products/252168830","2026-10-08","Tesco 공식 Evian Natural Bottled Mineral Still Water 500ml 상품 페이지 가격 £1.50과 일치."
"LON-FD-951","런던","런던 프라이드 1파인트 (풀러스 펍)","5.5","5.5","GBP","1잔 568ml","일반","고정형","https://www.fullers.co.uk/pubs/pub-finder/london","2026-10-03","확인불가","확인불가","https://www.fullers.co.uk/pubs/pub-finder/london","2026-10-08","Fuller's 공식 London pub finder 페이지에는 London Pride 1파인트의 메뉴 가격이 표시되지 않아 현재 가격·용량을 확인하지 못함."
"LON-FD-952","런던","기네스 1파인트 (풀러스 펍)","6.2","6.2","GBP","1잔 568ml","일반","고정형","https://www.fullers.co.uk/pubs/pub-finder/london","2026-10-03","확인불가","확인불가","https://www.fullers.co.uk/pubs/pub-finder/london","2026-10-08","Fuller's 공식 London pub finder 페이지에는 Guinness 1파인트의 메뉴 가격이 표시되지 않아 현재 가격·용량을 확인하지 못함."
"LON-FD-953","런던","페로니 1파인트 (풀러스 펍)","6","6","GBP","1잔 568ml","일반","고정형","https://www.fullers.co.uk/pubs/pub-finder/london","2026-10-03","확인불가","확인불가","https://www.fullers.co.uk/pubs/pub-finder/london","2026-10-08","Fuller's 공식 London pub finder 페이지에는 Peroni 1파인트의 메뉴 가격이 표시되지 않아 현재 가격·용량을 확인하지 못함."
