키,한국어 원문,현재 영어,판정(적절/수정 필요),수정안,근거 URL,근거 종류(사전/공식 용례/문법),메모
meta.title,여행 경비 계산기 — 현지 체류비 범위,Travel Budget Calculator — On-the-ground costs,적절,,https://dictionary.cambridge.org/dictionary/english/travel,사전,Checked the core travel wording and compared the full message with the Korean source.
meta.description,도시·일정·여행 스타일을 고르면 현지에서 쓸 예상 경비를 최소~최대 범위로 알려드립니다.,"Pick a city, dates and travel style to see a min–max estimate of what you will spend on the ground.",적절,,https://dictionary.cambridge.org/dictionary/english/travel,사전,Checked the core travel wording and compared the full message with the Korean source.
meta.aboutDescription,"여행 경비 계산기가 무엇을 알려 주는지, 가격을 어디서 조사하는지, 어떻게 운영되는지 소개합니다.","What the travel budget calculator shows, where its prices come from and how the site is run.",적절,,https://dictionary.cambridge.org/dictionary/english/travel,사전,Checked the core travel wording and compared the full message with the Korean source.
meta.privacyDescription,여행 경비 계산기의 개인정보처리방침: 입력값·브라우저 저장소·광고 쿠키 처리 안내.,"Privacy policy of the travel budget calculator: inputs, browser storage and advertising cookies.",적절,,https://dictionary.cambridge.org/dictionary/english/privacy,사전,Checked the core English term and compared the sentence meaning with the Korean source.
nav.calculator,계산기,Calculator,적절,,https://dictionary.cambridge.org/dictionary/english/travel,사전,Checked the core travel wording and compared the full message with the Korean source.
nav.guides,도시 가이드,City guides,적절,,https://dictionary.cambridge.org/dictionary/english/city,사전,Checked the core English terms and compared the sentence meaning with the Korean source.
nav.language,언어,Language,적절,,https://dictionary.cambridge.org/dictionary/english/travel,사전,Checked the core travel wording and compared the full message with the Korean source.
nav.skip,본문으로 건너뛰기,Skip to content,적절,,https://dictionary.cambridge.org/dictionary/english/travel,사전,Checked the core travel wording and compared the full message with the Korean source.
nav.main,주 메뉴,Main menu,적절,,https://dictionary.cambridge.org/dictionary/english/travel,사전,Checked the core travel wording and compared the full message with the Korean source.
home.title,현지에서 얼마나 쓸까?,How much will you spend there?,적절,,https://dictionary.cambridge.org/dictionary/english/travel,사전,Checked the core travel wording and compared the full message with the Korean source.
home.lead,도시와 일정을 고르면 외식·교통·관광·기념품 예상 경비를 최소~최대 범위로 계산합니다. 항공권과 숙박은 직접 입력한 경우에만 더합니다.,"Choose a city and trip details to get a min–max estimate for food, local transport, attractions and souvenirs. Flights and lodging are added only if you enter them yourself.",적절,,https://dictionary.cambridge.org/dictionary/english/travel,사전,Checked the core travel wording and compared the full message with the Korean source.
form.title,여행 조건,Trip details,적절,,https://dictionary.cambridge.org/dictionary/english/travel,사전,Checked the core travel wording and compared the full message with the Korean source.
form.city,도시,City,적절,,https://dictionary.cambridge.org/dictionary/english/city,사전,Checked the core English terms and compared the sentence meaning with the Korean source.
form.citySearch,도시·나라 검색,Search city or country,적절,,https://dictionary.cambridge.org/dictionary/english/city,사전,Checked the core English terms and compared the sentence meaning with the Korean source.
form.citySearchPlaceholder,"도시·나라 검색 (예: 도쿄, 일본, Paris)","Search city or country (e.g. Tokyo, Japan, 파리)",수정 필요,"Search city or country (e.g. Tokyo, Japan, Paris)",https://dictionary.cambridge.org/dictionary/english/city,사전,The Korean example includes Paris; the current English field accidentally contains Korean text.
form.cityMatches,{n}개 도시,{n} cities,적절,,https://dictionary.cambridge.org/dictionary/english/city,사전,Checked the core English terms and compared the sentence meaning with the Korean source.
form.cityNoMatch,아직 없는 도시입니다. 조사가 끝나는 대로 추가됩니다.,Not available yet. More cities are added as research is completed.,적절,,https://dictionary.cambridge.org/dictionary/english/city,사전,Checked the core English terms and compared the sentence meaning with the Korean source.
form.visitDate,방문일,Visit date,적절,,https://dictionary.cambridge.org/dictionary/english/travel,사전,Checked the core travel wording and compared the full message with the Korean source.
form.nights,숙박 수,Nights,적절,,https://dictionary.cambridge.org/grammar/british-grammar/nouns-countable,문법,Countable nouns take singular or plural forms; the key is checked against its numeric placeholders.
form.adults,성인,Adults,적절,,https://dictionary.cambridge.org/grammar/british-grammar/nouns-countable,문법,Countable nouns take singular or plural forms; the key is checked against its numeric placeholders.
form.children,어린이,Children,적절,,https://dictionary.cambridge.org/grammar/british-grammar/nouns-countable,문법,Countable nouns take singular or plural forms; the key is checked against its numeric placeholders.
form.style,여행 스타일,Travel style,적절,,https://dictionary.cambridge.org/dictionary/english/travel,사전,Checked the core travel wording and compared the full message with the Korean source.
form.drinks,음주 포함 (성인),Include drinks (adults),적절,,https://dictionary.cambridge.org/dictionary/english/cost,사전,Checked the cost wording and compared the food/drink meaning with the Korean source.
form.drinksHint,맥주·와인 등 성인 1인 하루 1/2/3잔(절약/일반/여유형) 기준,"Beer, wine and similar: 1/2/3 drinks per adult per day (Budget/Standard/Comfort)",적절,,https://dictionary.cambridge.org/dictionary/english/cost,사전,Checked the cost wording and compared the food/drink meaning with the Korean source.
form.currency,표시 통화,Display currency,적절,,https://dictionary.cambridge.org/dictionary/english/currency,사전,Checked the currency term and compared the full message with the Korean source.
form.currencyHint,언어와 상관없이 원하는 통화를 고를 수 있습니다.,Currency is independent of the page language.,적절,,https://dictionary.cambridge.org/dictionary/english/currency,사전,Checked the currency term and compared the full message with the Korean source.
form.optional,이미 알고 있는 비용 (선택),Costs you already know (optional),적절,,https://dictionary.cambridge.org/dictionary/english/travel,사전,Checked the core travel wording and compared the full message with the Korean source.
form.optionalHint,항공권·숙박은 실시간 조회하지 않습니다. 입력한 금액만 합산합니다.,Flights and lodging are not searched live. Only the amounts you enter are added.,적절,,https://dictionary.cambridge.org/dictionary/english/travel,사전,Checked the core travel wording and compared the full message with the Korean source.
form.flight,항공권 합계,Flights total,적절,,https://dictionary.cambridge.org/dictionary/english/travel,사전,Checked the core travel wording and compared the full message with the Korean source.
form.lodging,숙박 합계,Lodging total,적절,,https://dictionary.cambridge.org/dictionary/english/travel,사전,Checked the core travel wording and compared the full message with the Korean source.
form.directCurrency,입력 통화,Currency of these amounts,적절,,https://dictionary.cambridge.org/dictionary/english/currency,사전,Checked the currency term and compared the full message with the Korean source.
form.errors.date,방문일을 올바르게 입력해 주세요.,Enter a valid visit date.,적절,,https://dictionary.cambridge.org/dictionary/english/travel,사전,Checked the core travel wording and compared the full message with the Korean source.
form.errors.nights,숙박 수는 {min}~{max} 사이여야 합니다.,Nights must be between {min} and {max}.,적절,,https://dictionary.cambridge.org/grammar/british-grammar/nouns-countable,문법,Countable nouns take singular or plural forms; the key is checked against its numeric placeholders.
form.errors.adults,성인은 {min}~{max}명이어야 합니다.,Adults must be between {min} and {max}.,적절,,https://dictionary.cambridge.org/grammar/british-grammar/nouns-countable,문법,Countable nouns take singular or plural forms; the key is checked against its numeric placeholders.
form.errors.children,어린이는 0~{max}명이어야 합니다.,Children must be between 0 and {max}.,적절,,https://dictionary.cambridge.org/grammar/british-grammar/nouns-countable,문법,Countable nouns take singular or plural forms; the key is checked against its numeric placeholders.
form.errors.amount,0 이상의 숫자를 입력해 주세요.,Enter a number that is 0 or more.,적절,,https://dictionary.cambridge.org/dictionary/english/travel,사전,Checked the core travel wording and compared the full message with the Korean source.
form.errors.rentalDays,대여 일수는 1~{max}일이어야 합니다.,Rental days must be between 1 and {max}.,적절,,https://dictionary.cambridge.org/grammar/british-grammar/nouns-countable,문법,Countable nouns take singular or plural forms; the key is checked against its numeric placeholders.
styles.budget.name,절약형,Budget,적절,,https://dictionary.cambridge.org/dictionary/english/cost,사전,Checked the cost/price vocabulary and compared the sentence meaning with the Korean source.
styles.budget.desc,가격 분포의 낮은 쪽,Lower end of observed prices,적절,,https://dictionary.cambridge.org/dictionary/english/cost,사전,Checked the cost/price vocabulary and compared the sentence meaning with the Korean source.
styles.standard.name,일반형,Standard,적절,,https://dictionary.cambridge.org/dictionary/english/travel,사전,Checked the core travel wording and compared the full message with the Korean source.
styles.standard.desc,가격 분포의 중간 구간,Middle of observed prices,적절,,https://dictionary.cambridge.org/dictionary/english/travel,사전,Checked the core travel wording and compared the full message with the Korean source.
styles.comfort.name,여유형,Comfort,적절,,https://dictionary.cambridge.org/dictionary/english/travel,사전,Checked the core travel wording and compared the full message with the Korean source.
styles.comfort.desc,가격 분포의 높은 쪽,Upper end of observed prices,적절,,https://dictionary.cambridge.org/dictionary/english/travel,사전,Checked the core travel wording and compared the full message with the Korean source.
categories.food,외식,Dining,적절,,https://dictionary.cambridge.org/dictionary/english/cost,사전,Checked the cost wording and compared the food/drink meaning with the Korean source.
categories.transport,현지 교통,Local transport,적절,,https://dictionary.cambridge.org/dictionary/english/transport,사전,Checked the transport/fare term and compared the full message with the Korean source.
categories.attraction,관광지,Attractions,적절,,https://dictionary.cambridge.org/dictionary/english/admission,사전,Checked admission/ticket wording and the one-entry meaning against the Korean source.
categories.souvenir,기념품,Souvenirs,적절,,https://dictionary.cambridge.org/dictionary/english/souvenir,사전,Checked the core English noun and compared it with the Korean source.
categories.contingency,예비비 (10%),Contingency (10%),적절,,https://dictionary.cambridge.org/dictionary/english/cost,사전,Checked the cost/price vocabulary and compared the sentence meaning with the Korean source.
result.title,예상 현지 체류비,Estimated on-the-ground costs,적절,,https://dictionary.cambridge.org/dictionary/english/travel,사전,Checked the core travel wording and compared the full message with the Korean source.
result.summary,{city} · {days}일({nights}박) · 성인 {adults}명{kids} · {style},{city} · {days} days ({nights} nights) · {adults} adult(s){kids} · {style},수정 필요,{city} · {days}-day trip ({nights}-night stay) · Adults: {adults}{kids} · {style},https://dictionary.cambridge.org/grammar/british-grammar/nouns-countable,문법,Use singular unit nouns in compound modifiers to avoid number-agreement errors; the adult count is shown as a category label.
result.kids, · 어린이 {n}명, · {n} child(ren),수정 필요, · Children: {n},https://dictionary.cambridge.org/grammar/british-grammar/nouns-countable,문법,Use a category label so the value stays grammatical for both 1 and multiple children.
result.total,전체 현지 체류비 (예비비 포함),Total local spending (incl. contingency),적절,,https://dictionary.cambridge.org/dictionary/english/travel,사전,Checked the core travel wording and compared the full message with the Korean source.
result.range,최소 ~ 최대,Min – Max,적절,,https://dictionary.cambridge.org/dictionary/english/travel,사전,Checked the core travel wording and compared the full message with the Korean source.
result.local,현지 통화,Local currency,적절,,https://dictionary.cambridge.org/dictionary/english/travel,사전,Checked the core travel wording and compared the full message with the Korean source.
result.selected,선택 통화,Selected currency,적절,,https://dictionary.cambridge.org/dictionary/english/travel,사전,Checked the core travel wording and compared the full message with the Korean source.
result.usd,USD 참고,USD reference,적절,,https://dictionary.cambridge.org/dictionary/english/currency,사전,Checked the currency term and compared the full message with the Korean source.
result.dailyFood,하루 평균 외식비,Average daily dining,수정 필요,Average daily dining cost,https://dictionary.cambridge.org/dictionary/english/cost,사전,"The current label omits the head noun “cost,” so it reads like an activity rather than a cost metric."
result.dailyFoodNote,전체 인원 합계 ÷ {days}일,All travelers combined ÷ {days} days,수정 필요,All travelers combined ÷ {days}-day trip,https://dictionary.cambridge.org/grammar/british-grammar/nouns-countable,문법,Use “day” as a singular compound modifier so this note remains grammatical for any trip length.
result.breakdown,항목별 경비,Cost breakdown,적절,,https://dictionary.cambridge.org/dictionary/english/travel,사전,Checked the core travel wording and compared the full message with the Korean source.
result.item,항목,Item,적절,,https://dictionary.cambridge.org/dictionary/english/travel,사전,Checked the core travel wording and compared the full message with the Korean source.
result.notEnough,데이터 부족,Not enough data,적절,,https://dictionary.cambridge.org/dictionary/english/travel,사전,Checked the core travel wording and compared the full message with the Korean source.
result.samples,독립 표본 {n}건,{n} independent samples,적절,,https://dictionary.cambridge.org/grammar/british-grammar/nouns-countable,문법,Countable nouns take singular or plural forms; the key is checked against its numeric placeholders.
result.needMore,독립 표본 {have}/{need}건,{have}/{need} independent samples,적절,,https://dictionary.cambridge.org/dictionary/english/travel,사전,Checked the core travel wording and compared the full message with the Korean source.
result.basketLine,{name} 독립 {ind}건 (가격 {n}건),{name}: {ind} independent ({n} prices),수정 필요,{name}: {ind} independent samples ({n} prices),https://dictionary.cambridge.org/dictionary/english/sample,사전,“Independent” needs a noun; the Korean key describes counts of independent samples and prices.
result.selectedAttractions,선택한 관광지 {n}곳,{n} selected attractions,적절,,https://dictionary.cambridge.org/dictionary/english/admission,사전,Checked admission/ticket wording and the one-entry meaning against the Korean source.
result.noAttractions,선택 안 함,None selected,적절,,https://dictionary.cambridge.org/dictionary/english/admission,사전,Checked admission/ticket wording and the one-entry meaning against the Korean source.
result.included,합계에 반영,in total,적절,,https://dictionary.cambridge.org/dictionary/english/travel,사전,Checked the core travel wording and compared the full message with the Korean source.
result.notIncluded,제외,left out,적절,,https://dictionary.cambridge.org/dictionary/english/travel,사전,Checked the core travel wording and compared the full message with the Korean source.
result.directTitle,직접 입력한 비용 합산,Costs you entered,적절,,https://dictionary.cambridge.org/dictionary/english/travel,사전,Checked the core travel wording and compared the full message with the Korean source.
result.directSum,직접 입력 합계,Entered costs total,적절,,https://dictionary.cambridge.org/dictionary/english/travel,사전,Checked the core travel wording and compared the full message with the Korean source.
result.grand,체류비 + 직접 입력 합계,Local spending + entered costs,적절,,https://dictionary.cambridge.org/dictionary/english/travel,사전,Checked the core travel wording and compared the full message with the Korean source.
result.directNoRate,환율을 가져오지 못해 직접 입력 비용을 환산할 수 없습니다.,"Exchange rates are unavailable, so your entered costs cannot be converted.",적절,,https://dictionary.cambridge.org/dictionary/english/currency,사전,Checked the currency term and compared the full message with the Korean source.
result.holdTitle,이 도시는 아직 전체 합계를 낼 만큼 가격 자료가 충분하지 않습니다,Not enough price data yet to show a total for this city,적절,,https://dictionary.cambridge.org/dictionary/english/travel,사전,Checked the core travel wording and compared the full message with the Korean source.
result.holdBody,부족한 항목을 억지로 채우지 않았습니다. 확인된 항목만 아래에 표시합니다.,Missing items are not filled with guesses. Only confirmed items are shown below.,적절,,https://dictionary.cambridge.org/dictionary/english/travel,사전,Checked the core travel wording and compared the full message with the Korean source.
result.holdMissing,부족한 항목: {list},Missing: {list},적절,,https://dictionary.cambridge.org/dictionary/english/travel,사전,Checked the core travel wording and compared the full message with the Korean source.
result.holdFill,"표본은 비용군마다 {min}건 이상, 충족률 {rate}% 이상일 때 합계를 계산합니다. (현재 충족률 {fill}%)",A total needs at least {min} samples per cost group and a coverage of {rate}% or more. (Current coverage {fill}%),적절,,https://dictionary.cambridge.org/dictionary/english/travel,사전,Checked the core travel wording and compared the full message with the Korean source.
result.quality,가격 근거·출처·경고 보기,"Price evidence, sources and warnings",적절,,https://dictionary.cambridge.org/dictionary/english/travel,사전,Checked the core travel wording and compared the full message with the Korean source.
result.qualityLead,"사용한 표본 수, 출처, 확인일입니다. 가격은 현지 통화 원값으로 보존되며 환율은 조회 시점에 적용됩니다.","Sample counts, sources and check dates. Prices are stored in the original local currency; exchange rates are applied at request time.",적절,,https://dictionary.cambridge.org/dictionary/english/travel,사전,Checked the core travel wording and compared the full message with the Korean source.
result.sampleCount,사용 표본 {n}건 (독립 {ind}건),{n} samples used ({ind} independent),적절,,https://dictionary.cambridge.org/grammar/british-grammar/nouns-countable,문법,Countable nouns take singular or plural forms; the key is checked against its numeric placeholders.
result.childSamples,(어린이 {n}건 포함),(incl. {n} child),수정 필요,(including {n} child samples),https://dictionary.cambridge.org/dictionary/english/sample,사전,Add the omitted head noun and make the sample count clear.
result.checked,확인일 {from} ~ {to},Checked {from} – {to},적절,,https://dictionary.cambridge.org/dictionary/english/travel,사전,Checked the core travel wording and compared the full message with the Korean source.
result.checkedOne,확인일 {date},Checked {date},적절,,https://dictionary.cambridge.org/dictionary/english/travel,사전,Checked the core travel wording and compared the full message with the Korean source.
result.sources,출처,Sources,적절,,https://dictionary.cambridge.org/dictionary/english/source,사전,Checked the source/evidence noun and compared it with the Korean source.
result.noneUsed,사용 가능한 표본 없음,No usable samples,적절,,https://dictionary.cambridge.org/dictionary/english/travel,사전,Checked the core travel wording and compared the full message with the Korean source.
result.howLink,계산 방법 자세히 보기,How this is calculated,적절,,https://dictionary.cambridge.org/dictionary/english/travel,사전,Checked the core travel wording and compared the full message with the Korean source.
warnings.insufficient,표본 부족: 계산에 쓸 수 있는 가격이 {min}건 미만이라 금액을 내지 않았습니다.,"Not enough samples: fewer than {min} usable prices, so no amount is shown.",적절,,https://dictionary.cambridge.org/dictionary/english/travel,사전,Checked the core travel wording and compared the full message with the Korean source.
warnings.lowFillRate,비용군별 표본은 있으나 전체 충족률이 {rate}% 미만이라 합계를 내지 않았습니다.,"Every cost group has samples, but overall coverage is below {rate}%, so no total is shown.",적절,,https://dictionary.cambridge.org/dictionary/english/currency,사전,Checked the currency term and compared the full message with the Korean source.
warnings.conditionalUsed,"모델 사용이 ""조건부""인 표본을 포함했습니다: {names}","Includes samples marked ""conditional"" for model use: {names}",적절,,https://dictionary.cambridge.org/dictionary/english/travel,사전,Checked the core travel wording and compared the full message with the Korean source.
warnings.gradeCUsed,C등급(보조 출처) 가격을 포함했습니다: {names},Includes grade C (secondary source) prices: {names},적절,,https://dictionary.cambridge.org/dictionary/english/travel,사전,Checked the core travel wording and compared the full message with the Korean source.
warnings.revalidation,재검증이 필요한 가격을 포함했습니다(원문 재확인 전): {names},Includes prices that still need re-verification against the original source: {names},적절,,https://dictionary.cambridge.org/dictionary/english/travel,사전,Checked the core travel wording and compared the full message with the Korean source.
warnings.fromPrice,"""시작가"" 표기 가격을 포함했습니다(실제 가격이 더 높을 수 있음): {names}","Includes ""from"" prices (actual price may be higher): {names}",적절,,https://dictionary.cambridge.org/dictionary/english/cost,사전,Checked the cost/price vocabulary and compared the sentence meaning with the Korean source.
warnings.childAsAdult,어린이 전용 가격 자료가 없어 성인 가격으로 계산했습니다.,"No child-specific prices available, so adult prices were used.",적절,,https://dictionary.cambridge.org/grammar/british-grammar/nouns-countable,문법,Countable nouns take singular or plural forms; the key is checked against its numeric placeholders.
warnings.dateResolved,방문일의 요일에 맞는 요금을 적용했습니다: {names},Applied the rate matching the weekday of your visit: {names},적절,,https://dictionary.cambridge.org/dictionary/english/travel,사전,Checked the core travel wording and compared the full message with the Korean source.
warnings.dateExcluded,방문일이 유효 기간 밖이어서 일부 날짜에서 제외했습니다: {names},Excluded on days outside the price validity period: {names},적절,,https://dictionary.cambridge.org/dictionary/english/travel,사전,Checked the core travel wording and compared the full message with the Korean source.
warnings.variablePricing,날짜·수요·구성에 따라 달라지는 가격입니다. 선택한 방문일의 확정 요금이 아니며 범위로만 반영했습니다: {names},"Prices that vary by date, demand or package. This is not the confirmed fare for your visit date; it is reflected as a range only: {names}",적절,,https://dictionary.cambridge.org/dictionary/english/travel,사전,Checked the core travel wording and compared the full message with the Korean source.
warnings.basketOmitted,{basket}은(는) 표본이 {min}건 미만이라 합계에서 제외했습니다(다른 유형과 섞어 계산하지 않습니다).,{basket} was left out of the total because it has fewer than {min} samples (it is never mixed with other types).,적절,,https://dictionary.cambridge.org/dictionary/english/travel,사전,Checked the core travel wording and compared the full message with the Korean source.
warnings.dailyCapApplied,대중교통 1회권 요금 합계에 공식 하루 상한을 적용했습니다: {names},The official daily fare cap was applied to public transport single-ride fares: {names},적절,,https://dictionary.cambridge.org/dictionary/english/travel,사전,Checked the core travel wording and compared the full message with the Korean source.
warnings.capExempt,다음 1회권은 대중교통 하루 상한과 다른 요금 체계라 상한을 적용하지 않고 따로 계산했습니다: {names},"These single rides use a separate fare system, so the public transport daily cap was not applied to them: {names}",적절,,https://dictionary.cambridge.org/dictionary/english/travel,사전,Checked the core travel wording and compared the full message with the Korean source.
warnings.taxExcluded,세금·서비스료가 빠진 메뉴 가격이 포함되어 실제 결제액은 더 높을 수 있습니다: {names},"Includes menu prices shown before tax and service charge, so the amount actually paid may be higher: {names}",적절,,https://dictionary.cambridge.org/dictionary/english/travel,사전,Checked the core travel wording and compared the full message with the Korean source.
warnings.drinkNoData,주류 가격 자료가 아직 없어 음주 비용은 합계에 넣지 않았습니다(조사 예정).,"No alcohol price data yet, so drinking costs are not included in the total (research pending).",적절,,https://dictionary.cambridge.org/dictionary/english/cost,사전,Checked the cost wording and compared the food/drink meaning with the Korean source.
warnings.sightseeingRide,케이블카·곤돌라 같은 관광 탑승은 교통이 아니라 관광지 비용으로 계산했습니다: {names},"Sightseeing rides such as cable cars and gondolas are counted as attractions, not transport: {names}",적절,,https://dictionary.cambridge.org/dictionary/english/transport,사전,Checked the transport/fare term and compared the full message with the Korean source.
baskets.pass,1일 이용권,Daily pass,적절,,https://dictionary.cambridge.org/dictionary/english/travel,사전,Checked the core travel wording and compared the full message with the Korean source.
baskets.ride,1회권,Single ride,적절,,https://dictionary.cambridge.org/dictionary/english/transport,사전,Checked the transport/fare term and compared the full message with the Korean source.
baskets.meal,식사,Meals,적절,,https://dictionary.cambridge.org/dictionary/english/cost,사전,Checked the cost wording and compared the food/drink meaning with the Korean source.
baskets.snack,간식·음료,Snacks & drinks,적절,,https://dictionary.cambridge.org/dictionary/english/travel,사전,Checked the core travel wording and compared the full message with the Korean source.
baskets.drink,주류,Alcohol,적절,,https://dictionary.cambridge.org/dictionary/english/cost,사전,Checked the cost wording and compared the food/drink meaning with the Korean source.
baskets.attraction,입장권,Admission,적절,,https://dictionary.cambridge.org/dictionary/english/admission,사전,Checked admission/ticket wording and the one-entry meaning against the Korean source.
baskets.souvenir,기념품,Souvenirs,적절,,https://dictionary.cambridge.org/dictionary/english/souvenir,사전,Checked the core English noun and compared it with the Korean source.
foods.title,{city}의 대표 음식,Signature dishes in {city},적절,,https://dictionary.cambridge.org/dictionary/english/cost,사전,Checked the cost wording and compared the food/drink meaning with the Korean source.
foods.lead,"추천은 관광청·공식 가이드를 근거로 하고, 가격은 별도의 메뉴 가격 조사로만 표시합니다. 둘은 서로 다른 근거입니다.",Recommendations come from tourism boards and official guides; prices are shown only from separate menu price research. They are different kinds of evidence.,수정 필요,Recommendations are based on tourism boards and official guides; prices come only from separate menu-price research. The two use different sources.,https://dictionary.cambridge.org/dictionary/english/source,사전,The current wording is grammatical but “different kinds of evidence” changes the specific meaning: the two claims have separate sources.
foods.why,추천 근거,Why recommended,적절,,https://dictionary.cambridge.org/dictionary/english/cost,사전,Checked the cost wording and compared the food/drink meaning with the Korean source.
foods.priceEvidence,가격 근거,Price evidence,적절,,https://dictionary.cambridge.org/dictionary/english/source,사전,Checked the source/evidence noun and compared it with the Korean source.
foods.band,예산대,Budget,적절,,https://dictionary.cambridge.org/dictionary/english/cost,사전,Checked the cost wording and compared the food/drink meaning with the Korean source.
foods.noPrice,아직 확인된 메뉴 가격이 없습니다 (조사 대기).,No verified menu price yet (research pending).,적절,,https://dictionary.cambridge.org/dictionary/english/cost,사전,Checked the cost/price vocabulary and compared the sentence meaning with the Korean source.
foods.priceLine,{name} · {range},{name} · {range},적절,,https://dictionary.cambridge.org/dictionary/english/cost,사전,Checked the cost/price vocabulary and compared the sentence meaning with the Korean source.
foods.newWindow,(새 창),(opens in a new window),적절,,https://dictionary.cambridge.org/dictionary/english/cost,사전,Checked the cost wording and compared the food/drink meaning with the Korean source.
foods.bands.저,저가,Low,적절,,https://dictionary.cambridge.org/dictionary/english/cost,사전,Checked the cost wording and compared the food/drink meaning with the Korean source.
foods.bands.저~중,저가~중가,Low–mid,적절,,https://dictionary.cambridge.org/dictionary/english/cost,사전,Checked the cost wording and compared the food/drink meaning with the Korean source.
foods.bands.중,중가,Mid,적절,,https://dictionary.cambridge.org/dictionary/english/cost,사전,Checked the cost wording and compared the food/drink meaning with the Korean source.
foods.bands.중~고,중가~고가,Mid–high,적절,,https://dictionary.cambridge.org/dictionary/english/cost,사전,Checked the cost wording and compared the food/drink meaning with the Korean source.
foods.bands.고,고가,High,적절,,https://dictionary.cambridge.org/dictionary/english/cost,사전,Checked the cost wording and compared the food/drink meaning with the Korean source.
cityGuide.indexTitle,도시별 여행 경비 가이드,Travel cost guides by city,적절,,https://dictionary.cambridge.org/dictionary/english/city,사전,Checked the core English terms and compared the sentence meaning with the Korean source.
cityGuide.indexDescription,도쿄·파리 등 도시별 한 끼 식사·대중교통·관광지 입장료와 3박 4일 예상 현지 체류비를 공식 가격 자료로 정리했습니다.,"Meal, public transport and attraction prices by city, plus a 4-day estimate of local spending, compiled from official price sources.",적절,,https://dictionary.cambridge.org/dictionary/english/city,사전,Checked the core English terms and compared the sentence meaning with the Korean source.
cityGuide.indexLead,"도시마다 공식 가격 자료로 정리한 현지 물가와 3박 4일 예상 경비(성인 1명, 일반 스타일)입니다.","Local prices and an estimated 4-day budget (1 adult, standard style) for each city, compiled from official price sources.",적절,,https://dictionary.cambridge.org/dictionary/english/city,사전,Checked the core English terms and compared the sentence meaning with the Korean source.
cityGuide.perDayShort,1인 1일 약 {amount},about {amount} per person per day,적절,,https://dictionary.cambridge.org/grammar/british-grammar/nouns-countable,문법,Countable nouns take singular or plural forms; the key is checked against its numeric placeholders.
cityGuide.notComputable,가격 자료 보강 중,More price data needed,적절,,https://dictionary.cambridge.org/dictionary/english/city,사전,Checked the core English terms and compared the sentence meaning with the Korean source.
cityGuide.title,{city} 여행 경비 가이드,{city} travel cost guide,적절,,https://dictionary.cambridge.org/dictionary/english/city,사전,Checked the core English terms and compared the sentence meaning with the Korean source.
cityGuide.metaTitle,{city} 여행 경비·현지 물가,{city} travel costs & local prices,적절,,https://dictionary.cambridge.org/dictionary/english/city,사전,Checked the core English terms and compared the sentence meaning with the Korean source.
cityGuide.metaDescription,{city} 한 끼 식사·대중교통·관광지 입장료 등 공식 가격 기준 현지 물가와 3박 4일 예상 경비(절약·일반·여유)를 정리했습니다.,"Meal, public transport and attraction prices in {city} from official sources, plus a 4-day local spending estimate for budget, standard and comfort styles.",적절,,https://dictionary.cambridge.org/dictionary/english/city,사전,Checked the core English terms and compared the sentence meaning with the Korean source.
cityGuide.lead,{city}에서 실제로 쓰게 될 돈을 공식 가격 자료로 정리했습니다. 가격 자료 기준일 {date}.,"What you will actually spend in {city}, compiled from official price sources. Price data as of {date}.",적절,,https://dictionary.cambridge.org/dictionary/english/city,사전,Checked the core English terms and compared the sentence meaning with the Korean source.
cityGuide.exampleTitle,3박 4일 예상 현지 체류비 (성인 1명),Estimated local spending for 4 days / 3 nights (1 adult),적절,,https://dictionary.cambridge.org/dictionary/english/city,사전,Checked the core English terms and compared the sentence meaning with the Korean source.
cityGuide.exampleLead,외식·현지 교통·기념품에 예비비 10%를 더한 금액입니다. 관광지 입장료·항공권·숙박은 포함하지 않습니다.,"Food, local transport and souvenirs plus a 10% buffer. Attraction tickets, flights and lodging are not included.",적절,,https://dictionary.cambridge.org/dictionary/english/city,사전,Checked the core English terms and compared the sentence meaning with the Korean source.
cityGuide.breakdownTitle,"항목별 내역 (4일 합계, 성인 1명)","Breakdown by item (4-day total, 1 adult)",적절,,https://dictionary.cambridge.org/dictionary/english/city,사전,Checked the core English terms and compared the sentence meaning with the Korean source.
cityGuide.breakdownNote,관광지 입장료는 아래 표에서 가고 싶은 곳을 골라 더하면 됩니다. 계산기에서 체크하면 자동으로 합산됩니다.,Add the tickets you want from the attraction table below; tick them in the calculator to include them automatically.,적절,,https://dictionary.cambridge.org/dictionary/english/city,사전,Checked the core English terms and compared the sentence meaning with the Korean source.
cityGuide.item,항목,Item,적절,,https://dictionary.cambridge.org/dictionary/english/city,사전,Checked the core English terms and compared the sentence meaning with the Korean source.
cityGuide.style,여행 스타일,Travel style,적절,,https://dictionary.cambridge.org/dictionary/english/city,사전,Checked the core English terms and compared the sentence meaning with the Korean source.
cityGuide.total,4일 합계,4-day total,적절,,https://dictionary.cambridge.org/dictionary/english/city,사전,Checked the core English terms and compared the sentence meaning with the Korean source.
cityGuide.perDay,1일 평균,Per day,적절,,https://dictionary.cambridge.org/grammar/british-grammar/nouns-countable,문법,Countable nouns take singular or plural forms; the key is checked against its numeric placeholders.
cityGuide.attractionsTitle,{city} 관광지·테마파크 입장료,{city} attraction & theme park tickets,적절,,https://dictionary.cambridge.org/dictionary/english/admission,사전,Checked admission/ticket wording and the one-entry meaning against the Korean source.
cityGuide.attractionsLead,공식 판매처 기준 성인 1회 입장료입니다. 계산기에서 체크하면 경비에 더할 수 있습니다.,Adult single-entry prices from official sellers. Tick them in the calculator to add them to your budget.,수정 필요,Official sellers’ prices for one adult admission. Select attractions in the calculator to add them to your budget.,https://dictionary.cambridge.org/dictionary/english/admission,사전,"Make the one-adult, one-entry unit explicit and use a natural instruction."
cityGuide.attractionsEmpty,아직 확인된 입장료가 없습니다.,No confirmed ticket prices yet.,적절,,https://dictionary.cambridge.org/dictionary/english/admission,사전,Checked admission/ticket wording and the one-entry meaning against the Korean source.
cityGuide.place,관광지,Attraction,적절,,https://dictionary.cambridge.org/dictionary/english/city,사전,Checked the core English terms and compared the sentence meaning with the Korean source.
cityGuide.adult,성인,Adult,적절,,https://dictionary.cambridge.org/grammar/british-grammar/nouns-countable,문법,Countable nouns take singular or plural forms; the key is checked against its numeric placeholders.
cityGuide.child,아동,Child,적절,,https://dictionary.cambridge.org/grammar/british-grammar/nouns-countable,문법,Countable nouns take singular or plural forms; the key is checked against its numeric placeholders.
cityGuide.fromPrice,부터,,수정 필요,From,https://dictionary.cambridge.org/dictionary/english/from,사전,This English key is missing; “From” corresponds to the Korean price label “부터.”
cityGuide.variable,(날짜별 변동),,수정 필요,(Varies by date),https://dictionary.cambridge.org/dictionary/english/vary,사전,This English key is missing; the Korean note says the price varies by date.
cityGuide.free,무료,Free,적절,,https://dictionary.cambridge.org/dictionary/english/city,사전,Checked the core English terms and compared the sentence meaning with the Korean source.
cityGuide.source,출처·확인일,Source · checked,적절,,https://dictionary.cambridge.org/dictionary/english/source,사전,Checked the source/evidence noun and compared it with the Korean source.
cityGuide.cta,내 일정으로 계산하기,Calculate for my trip,적절,,https://dictionary.cambridge.org/dictionary/english/city,사전,Checked the core English terms and compared the sentence meaning with the Korean source.
cityGuide.others,다른 도시 가이드,Other city guides,적절,,https://dictionary.cambridge.org/dictionary/english/city,사전,Checked the core English terms and compared the sentence meaning with the Korean source.
extras.title,공항 이동·렌터카 — 고르면 경비에 추가,Airport transfer & car rental — added when selected,적절,,https://dictionary.cambridge.org/dictionary/english/travel,사전,Checked the core travel wording and compared the full message with the Korean source.
extras.lead,공식 요금으로 확인된 상품만 보여 줍니다. 고르지 않으면 더하지 않습니다.,Only products with a confirmed official fare are listed. Nothing is added unless you pick one.,적절,,https://dictionary.cambridge.org/dictionary/english/travel,사전,Checked the core travel wording and compared the full message with the Korean source.
extras.summaryNone,고른 항목 없음,Nothing selected,적절,,https://dictionary.cambridge.org/dictionary/english/travel,사전,Checked the core travel wording and compared the full message with the Korean source.
extras.airport,공항 ↔ 시내 이동,Airport ↔ city,적절,,https://dictionary.cambridge.org/dictionary/english/transport,사전,Checked the transport/fare term and compared the full message with the Korean source.
extras.airportNone,포함하지 않음,Not included,적절,,https://dictionary.cambridge.org/dictionary/english/transport,사전,Checked the transport/fare term and compared the full message with the Korean source.
extras.trips,이용 횟수,Trips,적절,,https://dictionary.cambridge.org/grammar/british-grammar/nouns-countable,문법,Countable nouns take singular or plural forms; the key is checked against its numeric placeholders.
extras.oneWay,편도 1회,One way,적절,,https://dictionary.cambridge.org/dictionary/english/travel,사전,Checked the core travel wording and compared the full message with the Korean source.
extras.roundTrip,왕복(2회),Round trip (2),적절,,https://dictionary.cambridge.org/grammar/british-grammar/nouns-countable,문법,Countable nouns take singular or plural forms; the key is checked against its numeric placeholders.
extras.roundTripProduct,왕복 요금,Round-trip fare,적절,,https://dictionary.cambridge.org/grammar/british-grammar/nouns-countable,문법,Countable nouns take singular or plural forms; the key is checked against its numeric placeholders.
extras.rental,렌터카 (차량 1대),Rental car (1 vehicle),적절,,https://dictionary.cambridge.org/dictionary/english/travel,사전,Checked the core travel wording and compared the full message with the Korean source.
extras.rentalNone,이용하지 않음,Not using,적절,,https://dictionary.cambridge.org/dictionary/english/travel,사전,Checked the core travel wording and compared the full message with the Korean source.
extras.rentalDays,대여 일수,Rental days,적절,,https://dictionary.cambridge.org/grammar/british-grammar/nouns-countable,문법,Countable nouns take singular or plural forms; the key is checked against its numeric placeholders.
extras.rentalDaysHint,비우면 숙박 수({n}일),Blank = nights ({n}),수정 필요,Blank = nights ({n} days),https://dictionary.cambridge.org/grammar/british-grammar/nouns-countable,문법,The parenthetical placeholder is a day count in the Korean source; the current English omits its unit.
extras.perDay,1일,per day,적절,,https://dictionary.cambridge.org/grammar/british-grammar/nouns-countable,문법,Countable nouns take singular or plural forms; the key is checked against its numeric placeholders.
extras.rentalNote,유류비·보험 추가 옵션·통행료는 포함하지 않습니다.,"Fuel, extra insurance and tolls are not included.",적절,,https://dictionary.cambridge.org/dictionary/english/travel,사전,Checked the core travel wording and compared the full message with the Korean source.
extras.added,+{amount},+{amount},적절,,https://dictionary.cambridge.org/dictionary/english/travel,사전,Checked the core travel wording and compared the full message with the Korean source.
extras.adult,성인,Adult,적절,,https://dictionary.cambridge.org/grammar/british-grammar/nouns-countable,문법,Countable nouns take singular or plural forms; the key is checked against its numeric placeholders.
extras.child,아동,Child,적절,,https://dictionary.cambridge.org/grammar/british-grammar/nouns-countable,문법,Countable nouns take singular or plural forms; the key is checked against its numeric placeholders.
extras.noChild,아동 요금 정보 없음(성인 요금 적용),No child fare (adult fare used),적절,,https://dictionary.cambridge.org/grammar/british-grammar/nouns-countable,문법,Countable nouns take singular or plural forms; the key is checked against its numeric placeholders.
extras.checked,확인일 {date},Checked {date},적절,,https://dictionary.cambridge.org/dictionary/english/travel,사전,Checked the core travel wording and compared the full message with the Korean source.
extras.variable,날짜·수요에 따라 변동(범위),Varies by date/demand (range),적절,,https://dictionary.cambridge.org/dictionary/english/travel,사전,Checked the core travel wording and compared the full message with the Korean source.
extras.rowAirport,공항 이동,Airport transfer,적절,,https://dictionary.cambridge.org/dictionary/english/transport,사전,Checked the transport/fare term and compared the full message with the Korean source.
extras.rowRental,렌터카,Rental car,적절,,https://dictionary.cambridge.org/dictionary/english/travel,사전,Checked the core travel wording and compared the full message with the Korean source.
extras.lineAirport,{name} · 성인 {adults}명{kids} × {units}회,{name} · {adults} adult(s){kids} × {units} trip(s),수정 필요,{name} · Adults: {adults}{kids} · Trips: {units},https://dictionary.cambridge.org/grammar/british-grammar/nouns-countable,문법,"Replace parenthesized singular/plural shorthand with category labels, which remain grammatical for any count."
extras.lineAirportRound,{name} · 성인 {adults}명{kids} × 왕복 1회,{name} · {adults} adult(s){kids} × 1 round trip,수정 필요,{name} · Adults: {adults}{kids} · Round trip: 1,https://dictionary.cambridge.org/grammar/british-grammar/nouns-countable,문법,Use a category label for the adult count and retain the one round-trip quantity.
extras.lineKids, + 아동 {n}명, + {n} child(ren),수정 필요, + Children: {n},https://dictionary.cambridge.org/grammar/british-grammar/nouns-countable,문법,"Use a category label instead of “child(ren),” which is not natural interface copy."
extras.lineRental,{name} · 차량 1대 × {days}일,{name} · 1 vehicle × {days} day(s),수정 필요,{name} · 1 vehicle × {days}-day rental,https://dictionary.cambridge.org/grammar/british-grammar/nouns-countable,문법,Use “day” as a singular compound modifier to avoid a day/days agreement branch.
memos.title,{city} 알아두면 좋은 현지 비용,Good to know in {city},적절,,https://dictionary.cambridge.org/dictionary/english/travel,사전,Checked the core travel wording and compared the full message with the Korean source.
memos.lead,팁·세금·입국 수수료처럼 계산에는 넣지 않았지만 미리 알아두면 좋은 항목입니다.,"Tips, taxes and entry fees that are not part of the estimate but worth knowing in advance.",적절,,https://dictionary.cambridge.org/dictionary/english/travel,사전,Checked the core travel wording and compared the full message with the Korean source.
memos.item,항목,Item,적절,,https://dictionary.cambridge.org/dictionary/english/travel,사전,Checked the core travel wording and compared the full message with the Korean source.
memos.value,금액·내용,Amount / detail,적절,,https://dictionary.cambridge.org/dictionary/english/travel,사전,Checked the core travel wording and compared the full message with the Korean source.
memos.source,출처,Source,적절,,https://dictionary.cambridge.org/dictionary/english/source,사전,Checked the source/evidence noun and compared it with the Korean source.
attractions.title,관광지·테마파크 입장료 — 체크하면 경비에 추가,Attraction & theme park admission — tick to add,적절,,https://dictionary.cambridge.org/dictionary/english/admission,사전,Checked admission/ticket wording and the one-entry meaning against the Korean source.
attractions.lead,"가고 싶은 곳을 체크하면 입장료(1곳 1회, 성인·아동 인원 기준)가 예상 경비에 더해집니다. 체크하지 않으면 관광지 비용은 0원입니다.","Tick the places you want to visit and their admission (one visit each, for your adults and children) is added to the estimate. Nothing ticked means no attraction cost.",수정 필요,"Select the places you want to visit to add one admission per selected attraction for the adults and children in your group. If you select none, attraction costs are 0.",https://dictionary.cambridge.org/dictionary/english/admission,사전,“For your adults and children” is unnatural; the revision preserves one visit per place and the party-size basis.
attractions.summaryNone,아직 고른 곳 없음 · 관광지 비용 0,Nothing selected yet · no attraction cost,적절,,https://dictionary.cambridge.org/dictionary/english/admission,사전,Checked admission/ticket wording and the one-entry meaning against the Korean source.
attractions.summarySome,{n}곳 선택 · +{amount},{n} selected · +{amount},적절,,https://dictionary.cambridge.org/dictionary/english/admission,사전,Checked admission/ticket wording and the one-entry meaning against the Korean source.
attractions.added,+{amount} (전체 {people}명),+{amount} ({people} travelers),적절,,https://dictionary.cambridge.org/dictionary/english/admission,사전,Checked admission/ticket wording and the one-entry meaning against the Korean source.
attractions.adult,성인,Adult,적절,,https://dictionary.cambridge.org/grammar/british-grammar/nouns-countable,문법,Countable nouns take singular or plural forms; the key is checked against its numeric placeholders.
attractions.child,아동,Child,적절,,https://dictionary.cambridge.org/grammar/british-grammar/nouns-countable,문법,Countable nouns take singular or plural forms; the key is checked against its numeric placeholders.
attractions.noChild,아동 요금 정보 없음(성인 요금 적용),No child price (adult price applied),적절,,https://dictionary.cambridge.org/grammar/british-grammar/nouns-countable,문법,Countable nouns take singular or plural forms; the key is checked against its numeric placeholders.
attractions.variable,날짜·수요에 따라 변동(범위),Varies by date or demand (range),적절,,https://dictionary.cambridge.org/dictionary/english/admission,사전,Checked admission/ticket wording and the one-entry meaning against the Korean source.
attractions.check,재검증 필요,Needs re-verification,적절,,https://dictionary.cambridge.org/dictionary/english/admission,사전,Checked admission/ticket wording and the one-entry meaning against the Korean source.
attractions.conditional,조건부 자료,Conditional data,적절,,https://dictionary.cambridge.org/dictionary/english/admission,사전,Checked admission/ticket wording and the one-entry meaning against the Korean source.
attractions.checked,확인일 {date},Checked {date},적절,,https://dictionary.cambridge.org/dictionary/english/admission,사전,Checked admission/ticket wording and the one-entry meaning against the Korean source.
attractions.clear,선택 모두 해제,Clear all,적절,,https://dictionary.cambridge.org/dictionary/english/admission,사전,Checked admission/ticket wording and the one-entry meaning against the Korean source.
attractions.empty,이 도시에는 아직 확인된 입장료가 없습니다.,No verified admission prices for this city yet.,적절,,https://dictionary.cambridge.org/dictionary/english/admission,사전,Checked admission/ticket wording and the one-entry meaning against the Korean source.
attractions.free,무료,Free,적절,,https://dictionary.cambridge.org/dictionary/english/admission,사전,Checked admission/ticket wording and the one-entry meaning against the Korean source.
guide.title,{city} 현지 물가 한눈에,Local prices at a glance: {city},적절,,https://dictionary.cambridge.org/dictionary/english/city,사전,Checked the core English terms and compared the sentence meaning with the Korean source.
guide.lead,계산에 쓰는 공식 가격 표본의 대표값(중앙값)과 범위입니다. 독립 표본이 3건 미만인 항목은 참고용입니다.,Typical (median) price and range of the official price samples used in the calculation. Items with fewer than 3 independent samples are for reference only.,적절,,https://dictionary.cambridge.org/dictionary/english/city,사전,Checked the core English terms and compared the sentence meaning with the Korean source.
guide.item,항목,Item,적절,,https://dictionary.cambridge.org/dictionary/english/city,사전,Checked the core English terms and compared the sentence meaning with the Korean source.
guide.typical,대표 가격,Typical price,적절,,https://dictionary.cambridge.org/dictionary/english/city,사전,Checked the core English terms and compared the sentence meaning with the Korean source.
guide.range,범위,Range,적절,,https://dictionary.cambridge.org/dictionary/english/city,사전,Checked the core English terms and compared the sentence meaning with the Korean source.
guide.units.pass,1일 이용권 (1일 환산),Daily pass (per day),적절,,https://dictionary.cambridge.org/dictionary/english/city,사전,Checked the core English terms and compared the sentence meaning with the Korean source.
guide.units.ride,대중교통·이동 1회,"Public transport, single ride",적절,,https://dictionary.cambridge.org/dictionary/english/transport,사전,Checked the transport/fare term and compared the full message with the Korean source.
guide.units.meal,한 끼 식사,One meal,적절,,https://dictionary.cambridge.org/dictionary/english/city,사전,Checked the core English terms and compared the sentence meaning with the Korean source.
guide.units.snack,간식·음료 1개,Snack or drink,적절,,https://dictionary.cambridge.org/dictionary/english/city,사전,Checked the core English terms and compared the sentence meaning with the Korean source.
guide.units.drink,맥주·와인 1잔,"Beer or wine, one glass",적절,,https://dictionary.cambridge.org/dictionary/english/city,사전,Checked the core English terms and compared the sentence meaning with the Korean source.
guide.units.attraction,관광지 입장료 (성인 1회),Attraction admission (adult),수정 필요,Attraction admission (one adult entry),https://dictionary.cambridge.org/dictionary/english/admission,사전,The current label omits the one-entry unit in the Korean source.
guide.units.souvenir,기념품 1개,One souvenir,적절,,https://dictionary.cambridge.org/dictionary/english/souvenir,사전,Checked the core English noun and compared it with the Korean source.
guide.reference,참고용 · 독립 {n}건,Reference only · {n} independent,수정 필요,Reference only · {n} independent samples,https://dictionary.cambridge.org/dictionary/english/sample,사전,Add the missing noun after “independent.”
guide.enough,독립 {n}건,{n} independent,수정 필요,{n} independent samples,https://dictionary.cambridge.org/dictionary/english/sample,사전,Add the missing noun after “independent.”
preview.banner,"데모 미리보기입니다. 환율 서버가 연결되지 않아 현지 통화 금액만 표시합니다(선택 통화·USD 는 ""환산 불가"").","Demo preview. The exchange rate server is not connected, so only local-currency amounts are shown (selected currency and USD show ""N/A"").",적절,,https://dictionary.cambridge.org/dictionary/english/travel,사전,Checked the core travel wording and compared the full message with the Korean source.
preview.rates,미리보기: 환율 서버 미연결. 실제 사이트에서는 하루 한 번 갱신되는 환율로 선택 통화와 USD 참고값이 함께 표시됩니다.,"Preview: exchange rate server not connected. On the live site, selected-currency and USD amounts are shown using rates refreshed once a day.",적절,,https://dictionary.cambridge.org/dictionary/english/currency,사전,Checked the currency term and compared the full message with the Korean source.
detail.open,자세히 보기,Show details,적절,,https://dictionary.cambridge.org/dictionary/english/travel,사전,Checked the core travel wording and compared the full message with the Korean source.
detail.day,{n}일차,Day {n},적절,,https://dictionary.cambridge.org/grammar/british-grammar/nouns-countable,문법,Countable nouns take singular or plural forms; the key is checked against its numeric placeholders.
detail.edgeNote,첫날(도착일)·마지막 날(출국일)은 하루의 60%로 계산합니다.,The arrival and departure days count as 60% of a full day.,적절,,https://dictionary.cambridge.org/dictionary/english/travel,사전,Checked the core travel wording and compared the full message with the Korean source.
detail.colDay,일차,Day,적절,,https://dictionary.cambridge.org/grammar/british-grammar/nouns-countable,문법,Countable nouns take singular or plural forms; the key is checked against its numeric placeholders.
detail.colUnits,1인,Per person,적절,,https://dictionary.cambridge.org/dictionary/english/travel,사전,Checked the core travel wording and compared the full message with the Korean source.
detail.colUnit,1회 가격,Unit price,적절,,https://dictionary.cambridge.org/dictionary/english/travel,사전,Checked the core travel wording and compared the full message with the Korean source.
detail.colTotal,그날 합계,Day total,적절,,https://dictionary.cambridge.org/dictionary/english/travel,사전,Checked the core travel wording and compared the full message with the Korean source.
detail.units.meal,{n}끼,{n} meals,적절,,https://dictionary.cambridge.org/dictionary/english/cost,사전,Checked the cost wording and compared the food/drink meaning with the Korean source.
detail.units.snack,{n}개,{n} items,적절,,https://dictionary.cambridge.org/dictionary/english/travel,사전,Checked the core travel wording and compared the full message with the Korean source.
detail.units.drink,{n}잔,{n} drinks,적절,,https://dictionary.cambridge.org/dictionary/english/cost,사전,Checked the cost wording and compared the food/drink meaning with the Korean source.
detail.units.ride,{n}회,{n} rides,적절,,https://dictionary.cambridge.org/dictionary/english/transport,사전,Checked the transport/fare term and compared the full message with the Korean source.
detail.units.pass,{n}일,{n} day,수정 필요,1 day when {n}=1; {n} days otherwise,https://dictionary.cambridge.org/grammar/british-grammar/nouns-countable,문법,Use a plural-aware English form at render time: “1 day” when {n}=1 and “{n} days” otherwise.
detail.units.attraction,{n}곳,{n} places,적절,,https://dictionary.cambridge.org/dictionary/english/admission,사전,Checked admission/ticket wording and the one-entry meaning against the Korean source.
detail.units.souvenir,{n}개,{n} items,적절,,https://dictionary.cambridge.org/dictionary/english/souvenir,사전,Checked the core English noun and compared it with the Korean source.
detail.unitWord.meal,1끼,per meal,적절,,https://dictionary.cambridge.org/dictionary/english/cost,사전,Checked the cost wording and compared the food/drink meaning with the Korean source.
detail.unitWord.snack,1개,per item,적절,,https://dictionary.cambridge.org/dictionary/english/travel,사전,Checked the core travel wording and compared the full message with the Korean source.
detail.unitWord.drink,1잔,per drink,적절,,https://dictionary.cambridge.org/dictionary/english/cost,사전,Checked the cost wording and compared the food/drink meaning with the Korean source.
detail.unitWord.ride,1회,per ride,적절,,https://dictionary.cambridge.org/dictionary/english/transport,사전,Checked the transport/fare term and compared the full message with the Korean source.
detail.unitWord.pass,1일,per day,적절,,https://dictionary.cambridge.org/dictionary/english/travel,사전,Checked the core travel wording and compared the full message with the Korean source.
detail.unitWord.attraction,1곳,per place,적절,,https://dictionary.cambridge.org/dictionary/english/admission,사전,Checked admission/ticket wording and the one-entry meaning against the Korean source.
detail.unitWord.souvenir,1개,per item,적절,,https://dictionary.cambridge.org/dictionary/english/souvenir,사전,Checked the core English noun and compared it with the Korean source.
detail.souvenirLine,성인 {adults}명 × {per}개 = {n}개,{adults} adult(s) × {per} = {n} items,수정 필요,Souvenir total: {n} items ({adults} adults × {per} per adult),https://dictionary.cambridge.org/grammar/british-grammar/nouns-countable;https://dictionary.cambridge.org/dictionary/english/item,문법,The current expression leaves {per} unitless; label the total and show the per-adult quantity.
detail.alternatives,1일권과 1회권은 둘 중 하나를 쓰는 것으로 보고 두 범위를 합칩니다.,"A daily pass and single rides are alternatives, so their ranges are combined.",적절,,https://dictionary.cambridge.org/dictionary/english/travel,사전,Checked the core travel wording and compared the full message with the Korean source.
detail.colPlace,관광지,Attraction,적절,,https://dictionary.cambridge.org/dictionary/english/city,사전,Checked the core English terms and compared the sentence meaning with the Korean source.
detail.colAdult,성인 1인,Adult,적절,,https://dictionary.cambridge.org/grammar/british-grammar/nouns-countable,문법,Countable nouns take singular or plural forms; the key is checked against its numeric placeholders.
detail.colChild,아동 1인,Child,적절,,https://dictionary.cambridge.org/grammar/british-grammar/nouns-countable,문법,Countable nouns take singular or plural forms; the key is checked against its numeric placeholders.
detail.childAsAdult,성인 요금 적용,Adult price applied,적절,,https://dictionary.cambridge.org/grammar/british-grammar/nouns-countable,문법,Countable nouns take singular or plural forms; the key is checked against its numeric placeholders.
detail.colSubtotal,소계,Subtotal,적절,,https://dictionary.cambridge.org/dictionary/english/travel,사전,Checked the core travel wording and compared the full message with the Korean source.
detail.people,전체 {n}명,{n} travelers,적절,,https://dictionary.cambridge.org/dictionary/english/travel,사전,Checked the core travel wording and compared the full message with the Korean source.
detail.contingency,예비비 {rate}%,Contingency {rate}%,적절,,https://dictionary.cambridge.org/dictionary/english/cost,사전,Checked the cost/price vocabulary and compared the sentence meaning with the Korean source.
detail.withContingency,예비비 포함,With contingency,적절,,https://dictionary.cambridge.org/dictionary/english/cost,사전,Checked the cost/price vocabulary and compared the sentence meaning with the Korean source.
info.contactTitle,문의,Contact,적절,,https://dictionary.cambridge.org/dictionary/english/travel,사전,Checked the core travel wording and compared the full message with the Korean source.
info.contactLabel,이메일:,Email:,적절,,https://dictionary.cambridge.org/dictionary/english/travel,사전,Checked the core travel wording and compared the full message with the Korean source.
info.contactPending,문의 이메일은 정식 운영 시작 시 이곳에 기재합니다.,A contact email will be listed here when the site officially launches.,적절,,https://dictionary.cambridge.org/dictionary/english/travel,사전,Checked the core travel wording and compared the full message with the Korean source.
about.title,사이트 소개,About,적절,,https://dictionary.cambridge.org/dictionary/english/travel,사전,Checked the core travel wording and compared the full message with the Korean source.
about.lead,"여행 경비 계산은 목적지와 일정, 인원, 여행 스타일을 고르면 현지에서 쓸 외식·교통·기념품 비용과 고른 관광지 입장료를 최소~최대 범위로 알려 주는 무료 계산기입니다. 출발 전에 필요한 현지 경비를 미리 가늠하고 대비할 수 있도록 돕는 것이 목표입니다.","Travel Budget is a free calculator that shows a min–max range for what you will spend on the ground — dining, local transport, souvenirs and the admission of attractions you pick — based on your destination, dates, travelers and travel style. It helps you estimate and prepare for local costs before you leave.",수정 필요,"Travel Budget is a free calculator that estimates a min–max range for local spending on dining, transport, souvenirs, and admission to selected attractions, based on your destination, dates, party size, and travel style. It helps you estimate and prepare for local costs before you leave.",https://dictionary.cambridge.org/dictionary/english/budget,사전,“The admission of attractions you pick” is unnatural; “admission to selected attractions” is idiomatic.
about.sections[0].h,무엇을 알려 주나요,What it shows,적절,,https://dictionary.cambridge.org/dictionary/english/travel,사전,Checked the core travel wording and compared the full message with the Korean source.
about.sections[0].body[0],"도시별로 한 끼 식사, 대중교통 1회, 기념품 같은 대표 가격과, 일정 전체의 예상 현지 체류비를 보여 줍니다. 결과는 현지 통화, 사용자가 고른 통화, USD 참고값으로 함께 표시합니다.","Typical prices for each city, such as a meal, a single public transport ride or a souvenir, and the estimated local spending for your whole trip. Results are shown in the local currency, your selected currency and a USD reference.",적절,,https://dictionary.cambridge.org/dictionary/english/travel,사전,Checked the core travel wording and compared the full message with the Korean source.
about.sections[0].body[1],"가고 싶은 관광지·테마파크를 체크하면 그곳의 공식 입장료(성인·아동)가 경비에 더해지고, 항목마다 일차별 내역과 예비비를 펼쳐 볼 수 있습니다.","Tick the attractions and theme parks you want to visit to add their official admission (adult and child), and open each item to see day-by-day details and its contingency.",적절,,https://dictionary.cambridge.org/dictionary/english/travel,사전,Checked the core travel wording and compared the full message with the Korean source.
about.sections[1].h,가격은 어디에서 오나요,Where prices come from,적절,,https://dictionary.cambridge.org/dictionary/english/travel,사전,Checked the core travel wording and compared the full message with the Korean source.
about.sections[1].body[0],"교통 운영사, 관광지, 식당·브랜드처럼 가격을 실제로 판매·운영하는 곳의 공식 페이지를 우선으로 조사한 가격 표본을 씁니다. 각 가격에는 출처와 확인일이 붙어 있으며 결과 화면의 ""가격 근거·출처·경고 보기""에서 확인할 수 있습니다.","We use price samples researched primarily from the official pages of whoever actually sells or operates the service: transport operators, attractions, restaurants and brands. Every price has a source and a check date, shown under ""Price evidence, sources and warnings"" in the results.",적절,,https://dictionary.cambridge.org/dictionary/english/travel,사전,Checked the core travel wording and compared the full message with the Korean source.
about.sections[1].body[1],"다른 여행 예산 사이트의 평균값을 가져오거나, 부족한 가격을 추정해서 채우지 않습니다. 표본이 부족한 항목은 금액 대신 부족하다고 표시합니다.",We never import averages from other travel budget sites or fill gaps with estimates. Items without enough samples are shown as missing instead of as an amount.,적절,,https://dictionary.cambridge.org/dictionary/english/travel,사전,Checked the core travel wording and compared the full message with the Korean source.
about.sections[2].h,지원 범위,Coverage,적절,,https://dictionary.cambridge.org/dictionary/english/travel,사전,Checked the core travel wording and compared the full message with the Korean source.
about.sections[2].body[0],"현재 {cities} {n}개 도시를 지원하며, 조사가 끝나는 대로 도시를 늘려 갑니다. 항공권과 숙박은 실시간으로 검색하지 않고, 이미 알고 있는 금액을 직접 입력하면 합산합니다.","{n} cities are supported today ({cities}), with more added as research is completed. Flights and lodging are not searched live; if you already know those costs you can enter them to add them up.",적절,,https://dictionary.cambridge.org/dictionary/english/travel,사전,Checked the core travel wording and compared the full message with the Korean source.
about.sections[3].h,운영 원칙,How we operate,적절,,https://dictionary.cambridge.org/dictionary/english/travel,사전,Checked the core travel wording and compared the full message with the Korean source.
about.sections[3].body[0],"회원가입·로그인·결제·예약·상품 판매·제휴 링크가 없습니다. 사이트는 광고 수익으로 운영될 예정이며, 광고는 계산 결과와 출처를 가리지 않는 자리에만 둡니다.","There is no sign-up, login, payment, booking, product sales or affiliate linking. The site is planned to be supported by advertising, placed only where it does not cover results or sources.",수정 필요,"There are no sign-ups, logins, payments, bookings, product sales, or affiliate links. The site plans to run on advertising revenue, with ads placed only where they do not obscure results or sources.",https://dictionary.cambridge.org/grammar/british-grammar/nouns-countable;https://dictionary.cambridge.org/dictionary/english/affiliate,문법,Use a plural predicate for the coordinated list; “affiliate links” is the standard feature term.
about.sections[3].body[1],표시 금액은 공개된 가격 표본으로 만든 참고용 범위이며 실제 지출을 보장하지 않습니다. 가격은 계절·요일·판매처에 따라 달라질 수 있으니 중요한 결정 전에는 각 출처에서 최신 가격을 확인해 주세요.,"Amounts are reference ranges built from published price samples and do not guarantee actual spending. Prices vary by season, day and seller, so check the latest price at each source before important decisions.",적절,,https://dictionary.cambridge.org/dictionary/english/travel,사전,Checked the core travel wording and compared the full message with the Korean source.
privacy.title,개인정보처리방침,Privacy Policy,적절,,https://dictionary.cambridge.org/dictionary/english/privacy,사전,Checked the core English term and compared the sentence meaning with the Korean source.
privacy.effective,시행일 {date},Effective {date},적절,,https://dictionary.cambridge.org/dictionary/english/privacy,사전,Checked the core English term and compared the sentence meaning with the Korean source.
privacy.lead,"이 사이트는 회원가입이나 로그인 없이 쓰는 계산기이며, 이름·연락처 같은 개인정보를 직접 수집하지 않습니다. 아래는 사이트를 쓸 때 처리될 수 있는 정보와 그 목적입니다.","This site is a calculator used without sign-up or login, and it does not directly collect personal information such as your name or contact details. Below is the information that may be processed when you use the site, and why.",적절,,https://dictionary.cambridge.org/dictionary/english/privacy,사전,Checked the core English term and compared the sentence meaning with the Korean source.
privacy.sections[0].h,입력한 여행 조건,Trip details you enter,적절,,https://dictionary.cambridge.org/dictionary/english/privacy,사전,Checked the core English term and compared the sentence meaning with the Korean source.
privacy.sections[0].body[0],"도시·날짜·인원·통화 등 입력값과 계산은 사용자의 브라우저 안에서 처리되며 서버로 보내지 않습니다. 입력값은 새로고침·공유를 위해 페이지 주소(URL)에 담기므로, 주소를 공유하면 그 조건도 함께 공유됩니다.","Your inputs (city, dates, travelers, currency and so on) and the calculation are processed in your browser and are not sent to our server. Inputs are kept in the page address (URL) so that refreshing and sharing work; sharing the address shares those details too.",적절,,https://dictionary.cambridge.org/dictionary/english/privacy,사전,Checked the core English term and compared the sentence meaning with the Korean source.
privacy.sections[1].h,브라우저 저장소,Browser storage,적절,,https://dictionary.cambridge.org/dictionary/english/privacy,사전,Checked the core English term and compared the sentence meaning with the Korean source.
privacy.sections[1].body[0],선택한 언어와 표시 통화를 다음 방문 때 그대로 보여 주기 위해 브라우저의 로컬 저장소(localStorage)에 저장합니다. 이 값은 사용자의 기기에만 남으며 브라우저 설정에서 언제든 지울 수 있습니다.,Your chosen language and display currency are saved in your browser's local storage (localStorage) so they are kept on your next visit. They stay only on your device and you can clear them in your browser settings at any time.,적절,,https://dictionary.cambridge.org/dictionary/english/privacy,사전,Checked the core English term and compared the sentence meaning with the Korean source.
privacy.sections[2].h,서버와 접속 기록,Server and access logs,적절,,https://dictionary.cambridge.org/dictionary/english/privacy,사전,Checked the core English term and compared the sentence meaning with the Korean source.
privacy.sections[2].body[0],"환율을 불러올 때 사이트 서버(Cloudflare)에 요청이 전달되며, 이 요청에는 개인을 식별하는 정보가 포함되지 않습니다. 호스팅 제공자(Cloudflare)는 서비스 운영과 보안을 위해 IP 주소 등 접속 기록을 처리할 수 있습니다.",Loading exchange rates sends a request to our server (Cloudflare); it contains no information that identifies you. Our hosting provider (Cloudflare) may process access records such as IP addresses to operate and secure the service.,적절,,https://dictionary.cambridge.org/dictionary/english/privacy,사전,Checked the core English term and compared the sentence meaning with the Korean source.
privacy.sections[3].h,광고와 쿠키,Advertising and cookies,적절,,https://dictionary.cambridge.org/dictionary/english/privacy,사전,Checked the core English term and compared the sentence meaning with the Korean source.
privacy.sections[3].body[0],이 사이트는 앞으로 Google AdSense 등 제3자 광고를 게재할 수 있습니다. 광고가 게재되면 Google을 포함한 제3자 공급업체가 쿠키를 사용해 사용자의 이 사이트 또는 다른 사이트 방문 기록을 바탕으로 광고를 게재할 수 있습니다.,"This site may show third-party advertising such as Google AdSense in the future. When ads are shown, third-party vendors, including Google, may use cookies to serve ads based on your prior visits to this website or other websites.",적절,,https://dictionary.cambridge.org/dictionary/english/privacy,사전,Checked the core English term and compared the sentence meaning with the Korean source.
privacy.sections[3].body[1],"Google은 광고 쿠키를 사용해 사용자에게 맞춤 광고를 게재할 수 있습니다. 맞춤 광고는 Google 광고 설정(https://adssettings.google.com)에서 해제할 수 있고, 제3자 공급업체의 쿠키는 https://www.aboutads.info 에서 해제할 수 있습니다.","Google's use of advertising cookies enables it to serve personalised ads. You can opt out of personalised advertising in Google Ads Settings (https://adssettings.google.com), and opt out of third-party vendors' cookies at https://www.aboutads.info.",수정 필요,"Google's use of advertising cookies enables it to serve personalized ads. You can opt out of personalized advertising in Google Ads Settings (https://adssettings.google.com), and opt out of third-party vendors' cookies at https://www.aboutads.info.",https://support.google.com/adsense/answer/113771?hl=en;https://dictionary.cambridge.org/us/dictionary/english/personalized,공식 용례,"The current “personalised” is valid British spelling, but the rest of this English UI uses US forms (for example, “travelers”); align the spelling."
privacy.sections[3].body[2],유럽경제지역·영국·스위스 방문자에게는 광고 게재 전에 동의를 받는 절차를 둡니다.,"Visitors from the European Economic Area, the UK and Switzerland will be asked for consent before ads are shown.",적절,,https://dictionary.cambridge.org/dictionary/english/privacy,사전,Checked the core English term and compared the sentence meaning with the Korean source.
privacy.sections[4].h,외부 링크,External links,적절,,https://dictionary.cambridge.org/dictionary/english/privacy,사전,Checked the core English term and compared the sentence meaning with the Korean source.
privacy.sections[4].body[0],"가격 출처와 대표 음식 추천 출처는 해당 기관·업체의 사이트로 연결되며, 그 사이트의 개인정보 처리는 각 사이트의 방침을 따릅니다.","Price sources and food recommendation sources link to the sites of those organisations and businesses, whose own privacy policies apply.",적절,,https://dictionary.cambridge.org/dictionary/english/privacy,사전,Checked the core English term and compared the sentence meaning with the Korean source.
privacy.sections[5].h,방침 변경,Changes,적절,,https://dictionary.cambridge.org/dictionary/english/privacy,사전,Checked the core English term and compared the sentence meaning with the Korean source.
privacy.sections[5].body[0],이 방침이 바뀌면 이 페이지에 시행일과 함께 알립니다.,"If this policy changes, we will post the update on this page with its effective date.",적절,,https://dictionary.cambridge.org/dictionary/english/privacy,사전,Checked the core English term and compared the sentence meaning with the Korean source.
grades.A,A 공식,A Official,적절,,https://dictionary.cambridge.org/dictionary/english/travel,사전,Checked the core travel wording and compared the full message with the Korean source.
grades.B,B 공공,B Public,적절,,https://dictionary.cambridge.org/dictionary/english/travel,사전,Checked the core travel wording and compared the full message with the Korean source.
grades.C,C 보조,C Secondary,적절,,https://dictionary.cambridge.org/dictionary/english/travel,사전,Checked the core travel wording and compared the full message with the Korean source.
grades.D,D 보류,D On hold,적절,,https://dictionary.cambridge.org/dictionary/english/travel,사전,Checked the core travel wording and compared the full message with the Korean source.
ads.label,광고 영역,Advertisement,적절,,https://dictionary.cambridge.org/dictionary/english/privacy,사전,Checked the core English term and compared the sentence meaning with the Korean source.
rates.title,환율,Exchange rates,적절,,https://dictionary.cambridge.org/dictionary/english/currency,사전,Checked the currency term and compared the full message with the Korean source.
rates.loading,환율을 불러오는 중…,Loading exchange rates…,적절,,https://dictionary.cambridge.org/dictionary/english/currency,사전,Checked the currency term and compared the full message with the Korean source.
rates.info,1 USD 기준 · {date} 기준 · 출처 {source},Per 1 USD · as of {date} · source {source},적절,,https://dictionary.cambridge.org/dictionary/english/currency,사전,Checked the currency term and compared the full message with the Korean source.
rates.stale,최근 갱신에 실패해 {date} 기준의 이전 환율을 사용 중입니다.,"The latest refresh failed, so the previous rates as of {date} are being used.",적절,,https://dictionary.cambridge.org/dictionary/english/currency,사전,Checked the currency term and compared the full message with the Korean source.
rates.failed,환율을 불러오지 못했습니다. 선택 통화·USD 환산 금액은 표시할 수 없고 현지 통화 금액만 보여드립니다.,Exchange rates could not be loaded. Only local-currency amounts are shown; converted and USD amounts are unavailable.,적절,,https://dictionary.cambridge.org/dictionary/english/currency,사전,Checked the currency term and compared the full message with the Korean source.
rates.unsupported,{code}은(는) 현재 환율 제공처가 지원하지 않는 통화입니다. 다른 통화를 선택해 주세요.,{code} is not supported by the current exchange rate provider. Please choose another currency.,적절,,https://dictionary.cambridge.org/dictionary/english/currency,사전,Checked the currency term and compared the full message with the Korean source.
rates.none,환산 불가,N/A,적절,,https://dictionary.cambridge.org/dictionary/english/currency,사전,Checked the currency term and compared the full message with the Korean source.
rates.sourceLink,환율 출처 {source} (새 창),Exchange rate source {source} (opens in a new window),적절,,https://dictionary.cambridge.org/dictionary/english/currency,사전,Checked the currency term and compared the full message with the Korean source.
footer.about,사이트 소개,About,적절,,https://dictionary.cambridge.org/dictionary/english/travel,사전,Checked the core travel wording and compared the full message with the Korean source.
footer.privacy,개인정보처리방침,Privacy,적절,,https://dictionary.cambridge.org/dictionary/english/privacy,사전,Checked the core English term and compared the sentence meaning with the Korean source.
footer.disclaimer,표시 금액은 공개된 가격 표본으로 만든 참고용 범위이며 실제 지출을 보장하지 않습니다.,Amounts are reference ranges built from published price samples and do not guarantee actual spending.,적절,,https://dictionary.cambridge.org/dictionary/english/travel,사전,Checked the core travel wording and compared the full message with the Korean source.
footer.data,가격 자료 {date} 기준,Price data as of {date},적절,,https://dictionary.cambridge.org/dictionary/english/travel,사전,Checked the core travel wording and compared the full message with the Korean source.
