키,한국어 원문,현재 일본어,판정(적절/수정 필요),수정안,근거 URL,근거 종류(사전/공식 용례/문법),메모
meta.title,여행 경비 계산기 — 현지 체류비 범위,旅行費用計算ツール — 現地滞在費の目安,적절,,https://kotobank.jp/word/%E7%B5%8C%E8%B2%BB-59118,사전,文脈の中心語を辞書の語義と照合し、韓国語原文との意味対応を確認。
meta.description,도시·일정·여행 스타일을 고르면 현지에서 쓸 예상 경비를 최소~최대 범위로 알려드립니다.,都市・日程・旅行スタイルを選ぶと、現地で使う費用の目安を最小〜最大の範囲でお知らせします。,적절,,https://kotobank.jp/word/%E7%B5%8C%E8%B2%BB-59118,사전,文脈の中心語を辞書の語義と照合し、韓国語原文との意味対応を確認。
meta.aboutDescription,"여행 경비 계산기가 무엇을 알려 주는지, 가격을 어디서 조사하는지, 어떻게 운영되는지 소개합니다.",旅行費用計算ツールで分かること、価格の調べ方、運営方針を紹介します。,적절,,https://kotobank.jp/word/%E6%97%85%E8%B2%BB-659772,사전,「旅費」は旅行に必要な費用を指す語。辞書上の意味と照合。
meta.privacyDescription,여행 경비 계산기의 개인정보처리방침: 입력값·브라우저 저장소·광고 쿠키 처리 안내.,旅行費用計算ツールのプライバシーポリシー：入力内容・ブラウザのストレージ・広告 Cookie の取り扱いについて。,적절,,https://support.google.com/adsense/answer/1348695?hl=ja,공식 용례,Google AdSense 日本語ヘルプの公式表記と照合。
nav.calculator,계산기,計算ツール,적절,,https://kotobank.jp/word/%E7%B5%8C%E8%B2%BB-59118,사전,文脈の中心語を辞書の語義と照合し、韓国語原文との意味対応を確認。
nav.guides,도시 가이드,都市ガイド,적절,,https://kotobank.jp/word/%E6%97%85%E8%B2%BB-659772,사전,「旅費」は旅行に必要な費用を指す語。辞書上の意味と照合。
nav.language,언어,言語,적절,,https://kotobank.jp/word/%E7%B5%8C%E8%B2%BB-59118,사전,文脈の中心語を辞書の語義と照合し、韓国語原文との意味対応を確認。
nav.skip,본문으로 건너뛰기,本文へスキップ,적절,,https://kotobank.jp/word/%E7%B5%8C%E8%B2%BB-59118,사전,文脈の中心語を辞書の語義と照合し、韓国語原文との意味対応を確認。
nav.main,주 메뉴,メインメニュー,적절,,https://kotobank.jp/word/%E7%B5%8C%E8%B2%BB-59118,사전,文脈の中心語を辞書の語義と照合し、韓国語原文との意味対応を確認。
home.title,현지에서 얼마나 쓸까?,現地でいくら使う？,적절,,https://kotobank.jp/word/%E7%B5%8C%E8%B2%BB-59118,사전,文脈の中心語を辞書の語義と照合し、韓国語原文との意味対応を確認。
home.lead,도시와 일정을 고르면 외식·교통·관광·기념품 예상 경비를 최소~최대 범위로 계산합니다. 항공권과 숙박은 직접 입력한 경우에만 더합니다.,都市と日程を選ぶと、外食・交通・観光・お土産の費用目安を最小〜最大の範囲で計算します。航空券と宿泊費は、入力した場合のみ合計に加えます。,적절,,https://kotobank.jp/word/%E7%B5%8C%E8%B2%BB-59118,사전,文脈の中心語を辞書の語義と照合し、韓国語原文との意味対応を確認。
form.title,여행 조건,旅行の条件,적절,,https://kotobank.jp/word/%E7%B5%8C%E8%B2%BB-59118,사전,文脈の中心語を辞書の語義と照合し、韓国語原文との意味対応を確認。
form.city,도시,都市,적절,,https://kotobank.jp/word/%E7%B5%8C%E8%B2%BB-59118,사전,文脈の中心語を辞書の語義と照合し、韓国語原文との意味対応を確認。
form.citySearch,도시·나라 검색,都市・国を検索,적절,,https://kotobank.jp/word/%E7%B5%8C%E8%B2%BB-59118,사전,文脈の中心語を辞書の語義と照合し、韓国語原文との意味対応を確認。
form.citySearchPlaceholder,"도시·나라 검색 (예: 도쿄, 일본, Paris)",都市・国を検索（例：東京、日本、Paris）,적절,,https://kotobank.jp/word/%E3%81%95%E3%82%93%E3%81%B7%E3%82%8B-3181345,사전,「サンプル」は見本・標本の意味。件数表示の用語を確認。
form.cityMatches,{n}개 도시,{n}都市,적절,,https://kotobank.jp/word/%E7%B5%8C%E8%B2%BB-59118,사전,文脈の中心語を辞書の語義と照合し、韓国語原文との意味対応を確認。
form.cityNoMatch,아직 없는 도시입니다. 조사가 끝나는 대로 추가됩니다.,まだ対応していない都市です。調査が終わり次第追加します。,적절,,https://kotobank.jp/word/%E7%B5%8C%E8%B2%BB-59118,사전,文脈の中心語を辞書の語義と照合し、韓国語原文との意味対応を確認。
form.visitDate,방문일,訪問日,적절,,https://kotobank.jp/word/%E7%B5%8C%E8%B2%BB-59118,사전,文脈の中心語を辞書の語義と照合し、韓国語原文との意味対応を確認。
form.nights,숙박 수,泊数,적절,,https://kotobank.jp/word/%E7%B5%8C%E8%B2%BB-59118,사전,文脈の中心語を辞書の語義と照合し、韓国語原文との意味対応を確認。
form.adults,성인,大人,적절,,https://kotobank.jp/word/%E5%85%A5%E5%A0%B4%E6%96%99-1692468,사전,施設への入場・入場券の語義と用法を確認。
form.children,어린이,子ども,적절,,https://kotobank.jp/word/%E5%85%A5%E5%A0%B4%E6%96%99-1692468,사전,施設への入場・入場券の語義と用法を確認。
form.style,여행 스타일,旅行スタイル,적절,,https://kotobank.jp/word/%E7%B5%8C%E8%B2%BB-59118,사전,文脈の中心語を辞書の語義と照合し、韓国語原文との意味対応を確認。
form.drinks,음주 포함 (성인),飲酒を含める（大人）,적절,,https://kotobank.jp/word/%E7%B5%8C%E8%B2%BB-59118,사전,文脈の中心語を辞書の語義と照合し、韓国語原文との意味対応を確認。
form.drinksHint,맥주·와인 등 성인 1인 하루 1/2/3잔(절약/일반/여유형) 기준,ビール・ワインなど、大人1人1日1／2／3杯（節約型／標準型／ゆとり型）が基準,적절,,https://kotobank.jp/word/%E7%B5%8C%E8%B2%BB-59118,사전,文脈の中心語を辞書の語義と照合し、韓国語原文との意味対応を確認。
form.currency,표시 통화,表示通貨,적절,,https://kotobank.jp/word/%E6%97%85%E8%B2%BB-659772,사전,「旅費」は旅行に必要な費用を指す語。辞書上の意味と照合。
form.currencyHint,언어와 상관없이 원하는 통화를 고를 수 있습니다.,言語に関係なく、好きな通貨を選べます。,적절,,https://kotobank.jp/word/%E6%97%85%E8%B2%BB-659772,사전,「旅費」は旅行に必要な費用を指す語。辞書上の意味と照合。
form.optional,이미 알고 있는 비용 (선택),すでに分かっている費用（任意）,적절,,https://kotobank.jp/word/%E7%B5%8C%E8%B2%BB-59118,사전,文脈の中心語を辞書の語義と照合し、韓国語原文との意味対応を確認。
form.optionalHint,항공권·숙박은 실시간 조회하지 않습니다. 입력한 금액만 합산합니다.,航空券・宿泊はリアルタイム検索しません。入力した金額のみ合計します。,적절,,https://kotobank.jp/word/%E7%B5%8C%E8%B2%BB-59118,사전,文脈の中心語を辞書の語義と照合し、韓国語原文との意味対応を確認。
form.flight,항공권 합계,航空券の合計,적절,,https://kotobank.jp/word/%E7%B5%8C%E8%B2%BB-59118,사전,文脈の中心語を辞書の語義と照合し、韓国語原文との意味対応を確認。
form.lodging,숙박 합계,宿泊費の合計,적절,,https://kotobank.jp/word/%E7%B5%8C%E8%B2%BB-59118,사전,文脈の中心語を辞書の語義と照合し、韓国語原文との意味対応を確認。
form.directCurrency,입력 통화,入力通貨,적절,,https://kotobank.jp/word/%E6%97%85%E8%B2%BB-659772,사전,「旅費」は旅行に必要な費用を指す語。辞書上の意味と照合。
form.errors.date,방문일을 올바르게 입력해 주세요.,訪問日を正しく入力してください。,적절,,https://kotobank.jp/word/%E7%B5%8C%E8%B2%BB-59118,사전,文脈の中心語を辞書の語義と照合し、韓国語原文との意味対応を確認。
form.errors.nights,숙박 수는 {min}~{max} 사이여야 합니다.,泊数は{min}〜{max}の範囲で入力してください。,적절,,https://kotobank.jp/word/%E7%B5%8C%E8%B2%BB-59118,사전,文脈の中心語を辞書の語義と照合し、韓国語原文との意味対応を確認。
form.errors.adults,성인은 {min}~{max}명이어야 합니다.,大人は{min}〜{max}人で入力してください。,적절,,https://kotobank.jp/word/%E5%85%A5%E5%A0%B4%E6%96%99-1692468,사전,施設への入場・入場券の語義と用法を確認。
form.errors.children,어린이는 0~{max}명이어야 합니다.,子どもは0〜{max}人で入力してください。,적절,,https://kotobank.jp/word/%E5%85%A5%E5%A0%B4%E6%96%99-1692468,사전,施設への入場・入場券の語義と用法を確認。
form.errors.amount,0 이상의 숫자를 입력해 주세요.,0以上の数値を入力してください。,적절,,https://kotobank.jp/word/%E7%B5%8C%E8%B2%BB-59118,사전,文脈の中心語を辞書の語義と照合し、韓国語原文との意味対応を確認。
form.errors.rentalDays,대여 일수는 1~{max}일이어야 합니다.,貸出日数は1〜{max}日で入力してください。,적절,,https://kotobank.jp/word/%E4%BA%A4%E9%80%9A%E8%B2%BB-496649,사전,交通に関する費用・運賃の語義を確認。
styles.budget.name,절약형,節約型,적절,,https://kotobank.jp/word/%E7%AF%80%E7%B4%84-548515,사전,「節約」の辞書上の意味は、無駄を省いて切り詰めること。
styles.budget.desc,가격 분포의 낮은 쪽,価格分布の低い側,적절,,https://kotobank.jp/word/%E7%AF%80%E7%B4%84-548515,사전,「節約」の辞書上の意味は、無駄を省いて切り詰めること。
styles.standard.name,일반형,標準型,적절,,https://kotobank.jp/word/%E6%A8%99%E6%BA%96-613301,사전,「標準」の平均的・普通の程度という辞書上の意味と照合。
styles.standard.desc,가격 분포의 중간 구간,価格分布の中央付近,적절,,https://kotobank.jp/word/%E6%A8%99%E6%BA%96-613301,사전,「標準」の平均的・普通の程度という辞書上の意味と照合。
styles.comfort.name,여유형,ゆとり型,적절,,https://kotobank.jp/word/%E3%82%86%E3%81%A8%E3%82%8A-652015,사전,「ゆとり」の余裕があり窮屈でないことという辞書上の意味と照合。
styles.comfort.desc,가격 분포의 높은 쪽,価格分布の高い側,적절,,https://kotobank.jp/word/%E3%82%86%E3%81%A8%E3%82%8A-652015,사전,「ゆとり」の余裕があり窮屈でないことという辞書上の意味と照合。
categories.food,외식,外食,적절,,https://kotobank.jp/word/%E7%B5%8C%E8%B2%BB-59118,사전,文脈の中心語を辞書の語義と照合し、韓国語原文との意味対応を確認。
categories.transport,현지 교통,現地交通,적절,,https://kotobank.jp/word/%E4%BA%A4%E9%80%9A%E8%B2%BB-496649,사전,交通に関する費用・運賃の語義を確認。
categories.attraction,관광지,観光施設,적절,,https://kotobank.jp/word/%E5%85%A5%E5%A0%B4%E6%96%99-1692468,사전,施設への入場・入場券の語義と用法を確認。
categories.souvenir,기념품,お土産,적절,,https://kotobank.jp/word/%E7%B5%8C%E8%B2%BB-59118,사전,文脈の中心語を辞書の語義と照合し、韓国語原文との意味対応を確認。
categories.contingency,예비비 (10%),予備費（10%）,적절,,https://kotobank.jp/word/%E4%BA%88%E5%82%99%E8%B2%BB-146462,사전,「予備費」の辞書上の意味と照合。
result.title,예상 현지 체류비,現地滞在費の目安,적절,,https://kotobank.jp/word/%E7%B5%8C%E8%B2%BB-59118,사전,文脈の中心語を辞書の語義と照合し、韓国語原文との意味対応を確認。
result.summary,{city} · {days}일({nights}박) · 성인 {adults}명{kids} · {style},{city} · {nights}泊{days}日 · 大人{adults}人{kids} · {style},적절,,https://kotobank.jp/word/%E7%B5%8C%E8%B2%BB-59118,사전,文脈の中心語を辞書の語義と照合し、韓国語原文との意味対応を確認。
result.kids, · 어린이 {n}명, · 子ども{n}人,적절,,https://kotobank.jp/word/%E7%B5%8C%E8%B2%BB-59118,사전,文脈の中心語を辞書の語義と照合し、韓国語原文との意味対応を確認。
result.total,전체 현지 체류비 (예비비 포함),現地滞在費の合計（予備費込み）,적절,,https://kotobank.jp/word/%E7%B5%8C%E8%B2%BB-59118,사전,文脈の中心語を辞書の語義と照合し、韓国語原文との意味対応を確認。
result.range,최소 ~ 최대,最小 〜 最大,적절,,https://kotobank.jp/word/%E7%B5%8C%E8%B2%BB-59118,사전,文脈の中心語を辞書の語義と照合し、韓国語原文との意味対応を確認。
result.local,현지 통화,現地通貨,적절,,https://kotobank.jp/word/%E7%B5%8C%E8%B2%BB-59118,사전,文脈の中心語を辞書の語義と照合し、韓国語原文との意味対応を確認。
result.selected,선택 통화,選択通貨,적절,,https://kotobank.jp/word/%E7%B5%8C%E8%B2%BB-59118,사전,文脈の中心語を辞書の語義と照合し、韓国語原文との意味対応を確認。
result.usd,USD 참고,USD（参考）,적절,,https://kotobank.jp/word/%E7%B5%8C%E8%B2%BB-59118,사전,文脈の中心語を辞書の語義と照合し、韓国語原文との意味対応を確認。
result.dailyFood,하루 평균 외식비,1日あたりの外食費（平均）,적절,,https://kotobank.jp/word/%E7%B5%8C%E8%B2%BB-59118,사전,文脈の中心語を辞書の語義と照合し、韓国語原文との意味対応を確認。
result.dailyFoodNote,전체 인원 합계 ÷ {days}일,全員の合計 ÷ {days}日,적절,,https://kotobank.jp/word/%E7%B5%8C%E8%B2%BB-59118,사전,文脈の中心語を辞書の語義と照合し、韓国語原文との意味対応を確認。
result.breakdown,항목별 경비,項目別の費用,적절,,https://kotobank.jp/word/%E7%B5%8C%E8%B2%BB-59118,사전,文脈の中心語を辞書の語義と照合し、韓国語原文との意味対応を確認。
result.item,항목,項目,적절,,https://kotobank.jp/word/%E7%B5%8C%E8%B2%BB-59118,사전,文脈の中心語を辞書の語義と照合し、韓国語原文との意味対応を確認。
result.notEnough,데이터 부족,データ不足,적절,,https://kotobank.jp/word/%E3%81%95%E3%82%93%E3%81%B7%E3%82%8B-3181345,사전,「サンプル」は見本・標本の意味。件数表示の用語を確認。
result.samples,독립 표본 {n}건,独立サンプル{n}件,적절,,https://kotobank.jp/word/%E3%81%95%E3%82%93%E3%81%B7%E3%82%8B-3181345,사전,「サンプル」は見本・標本の意味。件数表示の用語を確認。
result.needMore,독립 표본 {have}/{need}건,独立サンプル{have}/{need}件,적절,,https://kotobank.jp/word/%E7%B5%8C%E8%B2%BB-59118,사전,文脈の中心語を辞書の語義と照合し、韓国語原文との意味対応を確認。
result.basketLine,{name} 독립 {ind}건 (가격 {n}건),{name}：独立{ind}件（価格{n}件）,수정 필요,{name}：独立サンプル{ind}件（価格サンプル{n}件）,https://kotobank.jp/word/%E3%81%95%E3%82%93%E3%81%B7%E3%82%8B-3181345,사전,サンプル数の語を補い、「独立」と「価格」の数え方を明確化。
result.selectedAttractions,선택한 관광지 {n}곳,選んだ観光施設 {n}か所,적절,,https://kotobank.jp/word/%E5%85%A5%E5%A0%B4%E6%96%99-1692468,사전,施設への入場・入場券の語義と用法を確認。
result.noAttractions,선택 안 함,選択なし,적절,,https://kotobank.jp/word/%E5%85%A5%E5%A0%B4%E6%96%99-1692468,사전,施設への入場・入場券の語義と用法を確認。
result.included,합계에 반영,合計に反映,적절,,https://kotobank.jp/word/%E7%B5%8C%E8%B2%BB-59118,사전,文脈の中心語を辞書の語義と照合し、韓国語原文との意味対応を確認。
result.notIncluded,제외,除外,적절,,https://kotobank.jp/word/%E7%B5%8C%E8%B2%BB-59118,사전,文脈の中心語を辞書の語義と照合し、韓国語原文との意味対応を確認。
result.directTitle,직접 입력한 비용 합산,入力した費用の合計,적절,,https://kotobank.jp/word/%E7%B5%8C%E8%B2%BB-59118,사전,文脈の中心語を辞書の語義と照合し、韓国語原文との意味対応を確認。
result.directSum,직접 입력 합계,入力額の合計,적절,,https://kotobank.jp/word/%E7%B5%8C%E8%B2%BB-59118,사전,文脈の中心語を辞書の語義と照合し、韓国語原文との意味対応を確認。
result.grand,체류비 + 직접 입력 합계,滞在費 + 入力額の合計,적절,,https://kotobank.jp/word/%E7%B5%8C%E8%B2%BB-59118,사전,文脈の中心語を辞書の語義と照合し、韓国語原文との意味対応を確認。
result.directNoRate,환율을 가져오지 못해 직접 입력 비용을 환산할 수 없습니다.,為替レートを取得できなかったため、入力した費用を換算できません。,적절,,https://kotobank.jp/word/%E6%97%85%E8%B2%BB-659772,사전,「旅費」は旅行に必要な費用を指す語。辞書上の意味と照合。
result.holdTitle,이 도시는 아직 전체 합계를 낼 만큼 가격 자료가 충분하지 않습니다,この都市は、まだ合計を出せるだけの価格データがそろっていません,적절,,https://kotobank.jp/word/%E3%81%95%E3%82%93%E3%81%B7%E3%82%8B-3181345,사전,「サンプル」は見本・標本の意味。件数表示の用語を確認。
result.holdBody,부족한 항목을 억지로 채우지 않았습니다. 확인된 항목만 아래에 표시합니다.,不足している項目を推測で埋めることはしていません。確認済みの項目だけを下に表示します。,적절,,https://kotobank.jp/word/%E3%81%95%E3%82%93%E3%81%B7%E3%82%8B-3181345,사전,「サンプル」は見本・標本の意味。件数表示の用語を確認。
result.holdMissing,부족한 항목: {list},不足している項目：{list},적절,,https://kotobank.jp/word/%E3%81%95%E3%82%93%E3%81%B7%E3%82%8B-3181345,사전,「サンプル」は見本・標本の意味。件数表示の用語を確認。
result.holdFill,"표본은 비용군마다 {min}건 이상, 충족률 {rate}% 이상일 때 합계를 계산합니다. (현재 충족률 {fill}%)",費用の区分ごとにサンプルが{min}件以上、充足率が{rate}%以上のときに合計を計算します。（現在の充足率 {fill}%）,적절,,https://kotobank.jp/word/%E3%81%95%E3%82%93%E3%81%B7%E3%82%8B-3181345,사전,「サンプル」は見本・標本の意味。件数表示の用語を確認。
result.quality,가격 근거·출처·경고 보기,価格の根拠・出典・注意事項を見る,적절,,https://kotobank.jp/word/%E3%81%95%E3%82%93%E3%81%B7%E3%82%8B-3181345,사전,「サンプル」は見本・標本の意味。件数表示の用語を確認。
result.qualityLead,"사용한 표본 수, 출처, 확인일입니다. 가격은 현지 통화 원값으로 보존되며 환율은 조회 시점에 적용됩니다.",使用したサンプル数、出典、確認日です。価格は現地通貨のまま保存し、為替レートは表示時点のものを適用します。,적절,,https://kotobank.jp/word/%E3%81%95%E3%82%93%E3%81%B7%E3%82%8B-3181345,사전,「サンプル」は見本・標本の意味。件数表示の用語を確認。
result.sampleCount,사용 표본 {n}건 (독립 {ind}건),使用サンプル{n}件（独立{ind}件）,적절,,https://kotobank.jp/word/%E3%81%95%E3%82%93%E3%81%B7%E3%82%8B-3181345,사전,「サンプル」は見本・標本の意味。件数表示の用語を確認。
result.childSamples,(어린이 {n}건 포함),（子ども{n}件を含む）,수정 필요,（子どもサンプル{n}件を含む）,https://kotobank.jp/word/%E3%81%95%E3%82%93%E3%81%B7%E3%82%8B-3181345,사전,何の件数か分かるように「サンプル」を補足。
result.checked,확인일 {from} ~ {to},確認日 {from} 〜 {to},적절,,https://kotobank.jp/word/%E7%B5%8C%E8%B2%BB-59118,사전,文脈の中心語を辞書の語義と照合し、韓国語原文との意味対応を確認。
result.checkedOne,확인일 {date},確認日 {date},적절,,https://kotobank.jp/word/%E7%B5%8C%E8%B2%BB-59118,사전,文脈の中心語を辞書の語義と照合し、韓国語原文との意味対応を確認。
result.sources,출처,出典,적절,,https://kotobank.jp/word/%E7%B5%8C%E8%B2%BB-59118,사전,文脈の中心語を辞書の語義と照合し、韓国語原文との意味対応を確認。
result.noneUsed,사용 가능한 표본 없음,使用できるサンプルがありません,적절,,https://kotobank.jp/word/%E7%B5%8C%E8%B2%BB-59118,사전,文脈の中心語を辞書の語義と照合し、韓国語原文との意味対応を確認。
result.howLink,계산 방법 자세히 보기,計算方法の詳細を見る,적절,,https://kotobank.jp/word/%E7%B5%8C%E8%B2%BB-59118,사전,文脈の中心語を辞書の語義と照合し、韓国語原文との意味対応を確認。
warnings.insufficient,표본 부족: 계산에 쓸 수 있는 가격이 {min}건 미만이라 금액을 내지 않았습니다.,サンプル不足：計算に使える価格が{min}件未満のため、金額を出していません。,적절,,https://kotobank.jp/word/%E7%B5%8C%E8%B2%BB-59118,사전,文脈の中心語を辞書の語義と照合し、韓国語原文との意味対応を確認。
warnings.lowFillRate,비용군별 표본은 있으나 전체 충족률이 {rate}% 미만이라 합계를 내지 않았습니다.,費用の区分ごとのサンプルはありますが、全体の充足率が{rate}%未満のため合計を出していません。,적절,,https://kotobank.jp/word/%E6%97%85%E8%B2%BB-659772,사전,「旅費」は旅行に必要な費用を指す語。辞書上の意味と照合。
warnings.conditionalUsed,"모델 사용이 ""조건부""인 표본을 포함했습니다: {names}",モデル使用が「条件付き」のサンプルを含みます：{names},수정 필요,モデル利用が「条件付き」のサンプルを含みます：{names},https://kotobank.jp/word/%E6%9D%A1%E4%BB%B6%E4%BB%98-531355,사전,「モデル使用」は使用者・使用行為とも読めるため、モデル利用可否の条件を示す形に修正。
warnings.gradeCUsed,C등급(보조 출처) 가격을 포함했습니다: {names},C等級（補助的な出典）の価格を含みます：{names},적절,,https://kotobank.jp/word/%E7%B5%8C%E8%B2%BB-59118,사전,文脈の中心語を辞書の語義と照合し、韓国語原文との意味対応を確認。
warnings.revalidation,재검증이 필요한 가격을 포함했습니다(원문 재확인 전): {names},再確認が必要な価格を含みます（原文の再確認前）：{names},적절,,https://kotobank.jp/word/%E7%B5%8C%E8%B2%BB-59118,사전,文脈の中心語を辞書の語義と照合し、韓国語原文との意味対応を確認。
warnings.fromPrice,"""시작가"" 표기 가격을 포함했습니다(실제 가격이 더 높을 수 있음): {names}",「〜から」表記の価格を含みます（実際の価格はこれより高い場合があります）：{names},수정 필요,「〜から」と表示された価格を含みます（実際の価格はこれより高い場合があります）：{names},https://kotobank.jp/word/%E4%BE%A1%E6%A0%BC%E8%A1%A8%E7%A4%BA-1153467,사전,「〜から表記」は不自然な名詞修飾なので、画面上の価格表示として自然な形に修正。
warnings.childAsAdult,어린이 전용 가격 자료가 없어 성인 가격으로 계산했습니다.,子ども料金のデータがないため、大人料金で計算しました。,적절,,https://kotobank.jp/word/%E5%85%A5%E5%A0%B4%E6%96%99-1692468,사전,施設への入場・入場券の語義と用法を確認。
warnings.dateResolved,방문일의 요일에 맞는 요금을 적용했습니다: {names},訪問日の曜日に合わせた料金を適用しました：{names},적절,,https://kotobank.jp/word/%E7%B5%8C%E8%B2%BB-59118,사전,文脈の中心語を辞書の語義と照合し、韓国語原文との意味対応を確認。
warnings.dateExcluded,방문일이 유효 기간 밖이어서 일부 날짜에서 제외했습니다: {names},訪問日が有効期間外のため、一部の日付で除外しました：{names},적절,,https://kotobank.jp/word/%E7%B5%8C%E8%B2%BB-59118,사전,文脈の中心語を辞書の語義と照合し、韓国語原文との意味対応を確認。
warnings.variablePricing,날짜·수요·구성에 따라 달라지는 가격입니다. 선택한 방문일의 확정 요금이 아니며 범위로만 반영했습니다: {names},日付・需要・内容によって変わる価格です。選んだ訪問日の確定料金ではなく、範囲として反映しました：{names},수정 필요,日付・需要・商品構成によって変わる価格です。選んだ訪問日の確定料金ではなく、範囲としてのみ反映しています：{names},https://kotobank.jp/word/%E5%86%85%E5%AE%B9-107456,사전,韓国語の「構成」はこの価格文脈では商品構成を指すため、「内容」から修正。
warnings.basketOmitted,{basket}은(는) 표본이 {min}건 미만이라 합계에서 제외했습니다(다른 유형과 섞어 계산하지 않습니다).,{basket}はサンプルが{min}件未満のため合計から除外しました（他の種類と混ぜて計算しません）。,적절,,https://kotobank.jp/word/%E3%81%95%E3%82%93%E3%81%B7%E3%82%8B-3181345,사전,「サンプル」は見本・標本の意味。件数表示の用語を確認。
warnings.dailyCapApplied,대중교통 1회권 요금 합계에 공식 하루 상한을 적용했습니다: {names},公共交通の1回券の合計に、公式の1日上限額を適用しました：{names},적절,,https://kotobank.jp/word/%E7%B5%8C%E8%B2%BB-59118,사전,文脈の中心語を辞書の語義と照合し、韓国語原文との意味対応を確認。
warnings.capExempt,다음 1회권은 대중교통 하루 상한과 다른 요금 체계라 상한을 적용하지 않고 따로 계산했습니다: {names},次の1回券は公共交通の1日上限とは別の料金体系のため、上限を適用せず別に計算しました：{names},적절,,https://kotobank.jp/word/%E7%B5%8C%E8%B2%BB-59118,사전,文脈の中心語を辞書の語義と照合し、韓国語原文との意味対応を確認。
warnings.taxExcluded,세금·서비스료가 빠진 메뉴 가격이 포함되어 실제 결제액은 더 높을 수 있습니다: {names},税・サービス料別のメニュー価格を含むため、実際の支払額はこれより高くなる場合があります：{names},적절,,https://kotobank.jp/word/%E7%B5%8C%E8%B2%BB-59118,사전,文脈の中心語を辞書の語義と照合し、韓国語原文との意味対応を確認。
warnings.drinkNoData,주류 가격 자료가 아직 없어 음주 비용은 합계에 넣지 않았습니다(조사 예정).,酒類の価格データがまだないため、飲酒の費用は合計に含めていません（調査予定）。,적절,,https://kotobank.jp/word/%E7%B5%8C%E8%B2%BB-59118,사전,文脈の中心語を辞書の語義と照合し、韓国語原文との意味対応を確認。
warnings.sightseeingRide,케이블카·곤돌라 같은 관광 탑승은 교통이 아니라 관광지 비용으로 계산했습니다: {names},ケーブルカー・ゴンドラなどの観光用の乗り物は、交通費ではなく観光施設の費用として計算しました：{names},적절,,https://kotobank.jp/word/%E4%BA%A4%E9%80%9A%E8%B2%BB-496649,사전,交通に関する費用・運賃の語義を確認。
baskets.pass,1일 이용권,1日乗車券,적절,,https://kotobank.jp/word/%E3%81%95%E3%82%93%E3%81%B7%E3%82%8B-3181345,사전,「サンプル」は見本・標本の意味。件数表示の用語を確認。
baskets.ride,1회권,1回券,적절,,https://kotobank.jp/word/%E3%81%95%E3%82%93%E3%81%B7%E3%82%8B-3181345,사전,「サンプル」は見本・標本の意味。件数表示の用語を確認。
baskets.meal,식사,食事,적절,,https://kotobank.jp/word/%E3%81%95%E3%82%93%E3%81%B7%E3%82%8B-3181345,사전,「サンプル」は見本・標本の意味。件数表示の用語を確認。
baskets.snack,간식·음료,軽食・飲み物,적절,,https://kotobank.jp/word/%E3%81%95%E3%82%93%E3%81%B7%E3%82%8B-3181345,사전,「サンプル」は見本・標本の意味。件数表示の用語を確認。
baskets.drink,주류,酒類,적절,,https://kotobank.jp/word/%E3%81%95%E3%82%93%E3%81%B7%E3%82%8B-3181345,사전,「サンプル」は見本・標本の意味。件数表示の用語を確認。
baskets.attraction,입장권,入場券,적절,,https://kotobank.jp/word/%E3%81%95%E3%82%93%E3%81%B7%E3%82%8B-3181345,사전,「サンプル」は見本・標本の意味。件数表示の用語を確認。
baskets.souvenir,기념품,お土産,적절,,https://kotobank.jp/word/%E3%81%95%E3%82%93%E3%81%B7%E3%82%8B-3181345,사전,「サンプル」は見本・標本の意味。件数表示の用語を確認。
foods.title,{city}의 대표 음식,{city}の代表的な料理,적절,,https://kotobank.jp/word/%E7%B5%8C%E8%B2%BB-59118,사전,文脈の中心語を辞書の語義と照合し、韓国語原文との意味対応を確認。
foods.lead,"추천은 관광청·공식 가이드를 근거로 하고, 가격은 별도의 메뉴 가격 조사로만 표시합니다. 둘은 서로 다른 근거입니다.",おすすめは観光局・公式ガイドを根拠にし、価格は別途行ったメニュー価格の調査からのみ表示します。両者は別々の根拠です。,수정 필요,おすすめは観光局・公式ガイドを根拠としており、価格は別途調査したメニュー価格のみを表示します。両者は別々の根拠です。,https://kotobank.jp/word/%E6%A0%B9%E6%8B%A0-505886,사전,修飾関係を整理し、韓国語原文の「おすすめ根拠」と「価格根拠は別」を維持。
foods.why,추천 근거,おすすめの根拠,적절,,https://kotobank.jp/word/%E7%B5%8C%E8%B2%BB-59118,사전,文脈の中心語を辞書の語義と照合し、韓国語原文との意味対応を確認。
foods.priceEvidence,가격 근거,価格の根拠,적절,,https://kotobank.jp/word/%E6%97%85%E8%B2%BB-659772,사전,「旅費」は旅行に必要な費用を指す語。辞書上の意味と照合。
foods.band,예산대,価格帯,적절,,https://kotobank.jp/word/%E7%B5%8C%E8%B2%BB-59118,사전,文脈の中心語を辞書の語義と照合し、韓国語原文との意味対応を確認。
foods.noPrice,아직 확인된 메뉴 가격이 없습니다 (조사 대기).,確認済みのメニュー価格はまだありません（調査待ち）。,적절,,https://kotobank.jp/word/%E6%97%85%E8%B2%BB-659772,사전,「旅費」は旅行に必要な費用を指す語。辞書上の意味と照合。
foods.priceLine,{name} · {range},{name} · {range},적절,,https://kotobank.jp/word/%E6%97%85%E8%B2%BB-659772,사전,「旅費」は旅行に必要な費用を指す語。辞書上の意味と照合。
foods.newWindow,(새 창),（新しいウィンドウ）,적절,,https://kotobank.jp/word/%E7%B5%8C%E8%B2%BB-59118,사전,文脈の中心語を辞書の語義と照合し、韓国語原文との意味対応を確認。
foods.bands.저,저가,低価格,적절,,https://kotobank.jp/word/%E7%B5%8C%E8%B2%BB-59118,사전,文脈の中心語を辞書の語義と照合し、韓国語原文との意味対応を確認。
foods.bands.저~중,저가~중가,低〜中価格,적절,,https://kotobank.jp/word/%E7%B5%8C%E8%B2%BB-59118,사전,文脈の中心語を辞書の語義と照合し、韓国語原文との意味対応を確認。
foods.bands.중,중가,中価格,적절,,https://kotobank.jp/word/%E7%B5%8C%E8%B2%BB-59118,사전,文脈の中心語を辞書の語義と照合し、韓国語原文との意味対応を確認。
foods.bands.중~고,중가~고가,中〜高価格,적절,,https://kotobank.jp/word/%E7%B5%8C%E8%B2%BB-59118,사전,文脈の中心語を辞書の語義と照合し、韓国語原文との意味対応を確認。
foods.bands.고,고가,高価格,적절,,https://kotobank.jp/word/%E7%B5%8C%E8%B2%BB-59118,사전,文脈の中心語を辞書の語義と照合し、韓国語原文との意味対応を確認。
cityGuide.indexTitle,도시별 여행 경비 가이드,都市別 旅行費用ガイド,수정 필요,都市別旅行費用ガイド,https://kotobank.jp/word/%E6%97%85%E8%B2%BB-659772,사전,見出しの不自然な空白を除き、日本語の複合語表記に修正。
cityGuide.indexDescription,도쿄·파리 등 도시별 한 끼 식사·대중교통·관광지 입장료와 3박 4일 예상 현지 체류비를 공식 가격 자료로 정리했습니다.,東京・パリなど都市別に、1食の食事代・公共交通・観光施設の入場料と3泊4日の現地滞在費の目安を、公式の価格資料でまとめました。,수정 필요,東京・パリなどの都市別に、1食の食事代・公共交通・観光施設の入場料と、3泊4日の現地滞在費の目安を公式価格資料に基づいてまとめました。,https://kotobank.jp/word/%E5%9F%BA%E3%81%A5%E3%81%8F-646056,사전,「公式の価格資料でまとめました」を、資料を根拠にする自然な表現へ修正。
cityGuide.indexLead,"도시마다 공식 가격 자료로 정리한 현지 물가와 3박 4일 예상 경비(성인 1명, 일반 스타일)입니다.",都市ごとに公式の価格資料でまとめた現地の物価と、3泊4日の費用目安（大人1人・標準型）です。,수정 필요,都市ごとの現地物価と、公式価格資料に基づく3泊4日の費用目安（大人1人・標準型）です。,https://kotobank.jp/word/%E5%9F%BA%E3%81%A5%E3%81%8F-646056,사전,「資料でまとめた」の係り方を直し、標準型を含む意味は維持。
cityGuide.perDayShort,1인 1일 약 {amount},1人1日 約{amount},적절,,https://kotobank.jp/word/%E6%97%85%E8%B2%BB-659772,사전,「旅費」は旅行に必要な費用を指す語。辞書上の意味と照合。
cityGuide.notComputable,가격 자료 보강 중,価格データを補強中,적절,,https://kotobank.jp/word/%E6%97%85%E8%B2%BB-659772,사전,「旅費」は旅行に必要な費用を指す語。辞書上の意味と照合。
cityGuide.title,{city} 여행 경비 가이드,{city}の旅行費用ガイド,적절,,https://kotobank.jp/word/%E6%97%85%E8%B2%BB-659772,사전,「旅費」は旅行に必要な費用を指す語。辞書上の意味と照合。
cityGuide.metaTitle,{city} 여행 경비·현지 물가,{city}の旅行費用・現地の物価,적절,,https://kotobank.jp/word/%E6%97%85%E8%B2%BB-659772,사전,「旅費」は旅行に必要な費用を指す語。辞書上の意味と照合。
cityGuide.metaDescription,{city} 한 끼 식사·대중교통·관광지 입장료 등 공식 가격 기준 현지 물가와 3박 4일 예상 경비(절약·일반·여유)를 정리했습니다.,{city}の1食の食事代・公共交通・観光施設の入場料など、公式価格にもとづく現地の物価と3泊4日の費用目安（節約型・標準型・ゆとり型）をまとめました。,적절,,https://kotobank.jp/word/%E6%97%85%E8%B2%BB-659772,사전,「旅費」は旅行に必要な費用を指す語。辞書上の意味と照合。
cityGuide.lead,{city}에서 실제로 쓰게 될 돈을 공식 가격 자료로 정리했습니다. 가격 자료 기준일 {date}.,{city}で実際に使うお金を、公式の価格資料でまとめました。価格データの基準日 {date}。,수정 필요,{city}で実際に必要となる費用を公式価格資料に基づいてまとめました。価格データの基準日：{date},https://kotobank.jp/word/%E5%9F%BA%E3%81%A5%E3%81%8F-646056,사전,「お金を資料でまとめる」という不自然な結び付きを修正。
cityGuide.exampleTitle,3박 4일 예상 현지 체류비 (성인 1명),3泊4日の現地滞在費の目安（大人1人）,적절,,https://kotobank.jp/word/%E6%97%85%E8%B2%BB-659772,사전,「旅費」は旅行に必要な費用を指す語。辞書上の意味と照合。
cityGuide.exampleLead,외식·현지 교통·기념품에 예비비 10%를 더한 금액입니다. 관광지 입장료·항공권·숙박은 포함하지 않습니다.,外食・現地交通・お土産に予備費10%を加えた金額です。観光施設の入場料・航空券・宿泊費は含みません。,적절,,https://kotobank.jp/word/%E6%97%85%E8%B2%BB-659772,사전,「旅費」は旅行に必要な費用を指す語。辞書上の意味と照合。
cityGuide.breakdownTitle,"항목별 내역 (4일 합계, 성인 1명)",項目別の内訳（4日間の合計・大人1人）,적절,,https://kotobank.jp/word/%E6%97%85%E8%B2%BB-659772,사전,「旅費」は旅行に必要な費用を指す語。辞書上の意味と照合。
cityGuide.breakdownNote,관광지 입장료는 아래 표에서 가고 싶은 곳을 골라 더하면 됩니다. 계산기에서 체크하면 자동으로 합산됩니다.,観光施設の入場料は、下の表から行きたい所を選んで加えてください。計算ツールでチェックすると自動で合計されます。,적절,,https://kotobank.jp/word/%E6%97%85%E8%B2%BB-659772,사전,「旅費」は旅行に必要な費用を指す語。辞書上の意味と照合。
cityGuide.item,항목,項目,적절,,https://kotobank.jp/word/%E6%97%85%E8%B2%BB-659772,사전,「旅費」は旅行に必要な費用を指す語。辞書上の意味と照合。
cityGuide.style,여행 스타일,旅行スタイル,적절,,https://kotobank.jp/word/%E6%97%85%E8%B2%BB-659772,사전,「旅費」は旅行に必要な費用を指す語。辞書上の意味と照合。
cityGuide.total,4일 합계,4日間の合計,적절,,https://kotobank.jp/word/%E6%97%85%E8%B2%BB-659772,사전,「旅費」は旅行に必要な費用を指す語。辞書上の意味と照合。
cityGuide.perDay,1일 평균,1日平均,적절,,https://kotobank.jp/word/%E6%97%85%E8%B2%BB-659772,사전,「旅費」は旅行に必要な費用を指す語。辞書上の意味と照合。
cityGuide.attractionsTitle,{city} 관광지·테마파크 입장료,{city}の観光施設・テーマパークの入場料,적절,,https://kotobank.jp/word/%E5%85%A5%E5%A0%B4%E6%96%99-1692468,사전,施設への入場・入場券の語義と用法を確認。
cityGuide.attractionsLead,공식 판매처 기준 성인 1회 입장료입니다. 계산기에서 체크하면 경비에 더할 수 있습니다.,公式販売元にもとづく大人1回の入場料です。計算ツールでチェックすると費用に加えられます。,수정 필요,公式販売元が公表する、大人1人1回分の入場料です。計算ツールでチェックすると費用に加算できます。,https://kotobank.jp/word/%E5%85%A5%E5%A0%B4%E6%96%99-1692468,사전,「大人1回」では人数単位が曖昧なため「大人1人1回分」と明記。
cityGuide.attractionsEmpty,아직 확인된 입장료가 없습니다.,確認済みの入場料はまだありません。,적절,,https://kotobank.jp/word/%E5%85%A5%E5%A0%B4%E6%96%99-1692468,사전,施設への入場・入場券の語義と用法を確認。
cityGuide.place,관광지,観光施設,적절,,https://kotobank.jp/word/%E6%97%85%E8%B2%BB-659772,사전,「旅費」は旅行に必要な費用を指す語。辞書上の意味と照合。
cityGuide.adult,성인,大人,적절,,https://kotobank.jp/word/%E5%85%A5%E5%A0%B4%E6%96%99-1692468,사전,施設への入場・入場券の語義と用法を確認。
cityGuide.child,아동,子ども,적절,,https://kotobank.jp/word/%E5%85%A5%E5%A0%B4%E6%96%99-1692468,사전,施設への入場・入場券の語義と用法を確認。
cityGuide.fromPrice,부터,〜,적절,,https://kotobank.jp/word/%E6%97%85%E8%B2%BB-659772,사전,「旅費」は旅行に必要な費用を指す語。辞書上の意味と照合。
cityGuide.variable,(날짜별 변동),（日付により変動）,적절,,https://kotobank.jp/word/%E6%97%85%E8%B2%BB-659772,사전,「旅費」は旅行に必要な費用を指す語。辞書上の意味と照合。
cityGuide.free,무료,無料,적절,,https://kotobank.jp/word/%E5%85%A5%E5%A0%B4%E6%96%99-1692468,사전,施設への入場・入場券の語義と用法を確認。
cityGuide.source,출처·확인일,出典・確認日,적절,,https://kotobank.jp/word/%E6%97%85%E8%B2%BB-659772,사전,「旅費」は旅行に必要な費用を指す語。辞書上の意味と照合。
cityGuide.cta,내 일정으로 계산하기,自分の日程で計算する,적절,,https://kotobank.jp/word/%E6%97%85%E8%B2%BB-659772,사전,「旅費」は旅行に必要な費用を指す語。辞書上の意味と照合。
cityGuide.others,다른 도시 가이드,他の都市のガイド,적절,,https://kotobank.jp/word/%E6%97%85%E8%B2%BB-659772,사전,「旅費」は旅行に必要な費用を指す語。辞書上の意味と照合。
extras.title,공항 이동·렌터카 — 고르면 경비에 추가,空港アクセス・レンタカー — 選ぶと費用に追加,적절,,https://kotobank.jp/word/%E7%B5%8C%E8%B2%BB-59118,사전,文脈の中心語を辞書の語義と照合し、韓国語原文との意味対応を確認。
extras.lead,공식 요금으로 확인된 상품만 보여 줍니다. 고르지 않으면 더하지 않습니다.,公式料金で確認できた商品だけを表示します。選ばなければ加算しません。,적절,,https://kotobank.jp/word/%E7%B5%8C%E8%B2%BB-59118,사전,文脈の中心語を辞書の語義と照合し、韓国語原文との意味対応を確認。
extras.summaryNone,고른 항목 없음,選択なし,적절,,https://kotobank.jp/word/%E7%B5%8C%E8%B2%BB-59118,사전,文脈の中心語を辞書の語義と照合し、韓国語原文との意味対応を確認。
extras.airport,공항 ↔ 시내 이동,空港 ↔ 市内の移動,적절,,https://kotobank.jp/word/%E4%BA%A4%E9%80%9A%E8%B2%BB-496649,사전,交通に関する費用・運賃の語義を確認。
extras.airportNone,포함하지 않음,含めない,적절,,https://kotobank.jp/word/%E4%BA%A4%E9%80%9A%E8%B2%BB-496649,사전,交通に関する費用・運賃の語義を確認。
extras.trips,이용 횟수,利用回数,적절,,https://kotobank.jp/word/%E4%BA%A4%E9%80%9A%E8%B2%BB-496649,사전,交通に関する費用・運賃の語義を確認。
extras.oneWay,편도 1회,片道1回,적절,,https://kotobank.jp/word/%E7%B5%8C%E8%B2%BB-59118,사전,文脈の中心語を辞書の語義と照合し、韓国語原文との意味対応を確認。
extras.roundTrip,왕복(2회),往復（2回）,적절,,https://kotobank.jp/word/%E4%BA%A4%E9%80%9A%E8%B2%BB-496649,사전,交通に関する費用・運賃の語義を確認。
extras.roundTripProduct,왕복 요금,往復料金,적절,,https://kotobank.jp/word/%E4%BA%A4%E9%80%9A%E8%B2%BB-496649,사전,交通に関する費用・運賃の語義を確認。
extras.rental,렌터카 (차량 1대),レンタカー（車1台）,적절,,https://kotobank.jp/word/%E4%BA%A4%E9%80%9A%E8%B2%BB-496649,사전,交通に関する費用・運賃の語義を確認。
extras.rentalNone,이용하지 않음,利用しない,적절,,https://kotobank.jp/word/%E4%BA%A4%E9%80%9A%E8%B2%BB-496649,사전,交通に関する費用・運賃の語義を確認。
extras.rentalDays,대여 일수,貸出日数,적절,,https://kotobank.jp/word/%E4%BA%A4%E9%80%9A%E8%B2%BB-496649,사전,交通に関する費用・運賃の語義を確認。
extras.rentalDaysHint,비우면 숙박 수({n}일),空欄なら泊数（{n}日）,적절,,https://kotobank.jp/word/%E4%BA%A4%E9%80%9A%E8%B2%BB-496649,사전,交通に関する費用・運賃の語義を確認。
extras.perDay,1일,1日,적절,,https://kotobank.jp/word/%E7%B5%8C%E8%B2%BB-59118,사전,文脈の中心語を辞書の語義と照合し、韓国語原文との意味対応を確認。
extras.rentalNote,유류비·보험 추가 옵션·통행료는 포함하지 않습니다.,燃料代・追加の保険オプション・通行料は含みません。,적절,,https://kotobank.jp/word/%E4%BA%A4%E9%80%9A%E8%B2%BB-496649,사전,交通に関する費用・運賃の語義を確認。
extras.added,+{amount},+{amount},적절,,https://kotobank.jp/word/%E7%B5%8C%E8%B2%BB-59118,사전,文脈の中心語を辞書の語義と照合し、韓国語原文との意味対応を確認。
extras.adult,성인,大人,적절,,https://kotobank.jp/word/%E5%85%A5%E5%A0%B4%E6%96%99-1692468,사전,施設への入場・入場券の語義と用法を確認。
extras.child,아동,子ども,적절,,https://kotobank.jp/word/%E5%85%A5%E5%A0%B4%E6%96%99-1692468,사전,施設への入場・入場券の語義と用法を確認。
extras.noChild,아동 요금 정보 없음(성인 요금 적용),子ども料金の情報なし（大人料金を適用）,적절,,https://kotobank.jp/word/%E5%85%A5%E5%A0%B4%E6%96%99-1692468,사전,施設への入場・入場券の語義と用法を確認。
extras.checked,확인일 {date},確認日 {date},적절,,https://kotobank.jp/word/%E7%B5%8C%E8%B2%BB-59118,사전,文脈の中心語を辞書の語義と照合し、韓国語原文との意味対応を確認。
extras.variable,날짜·수요에 따라 변동(범위),日付・需要により変動（範囲）,적절,,https://kotobank.jp/word/%E7%B5%8C%E8%B2%BB-59118,사전,文脈の中心語を辞書の語義と照合し、韓国語原文との意味対応を確認。
extras.rowAirport,공항 이동,空港アクセス,적절,,https://kotobank.jp/word/%E4%BA%A4%E9%80%9A%E8%B2%BB-496649,사전,交通に関する費用・運賃の語義を確認。
extras.rowRental,렌터카,レンタカー,적절,,https://kotobank.jp/word/%E4%BA%A4%E9%80%9A%E8%B2%BB-496649,사전,交通に関する費用・運賃の語義を確認。
extras.lineAirport,{name} · 성인 {adults}명{kids} × {units}회,{name} · 大人{adults}人{kids} × {units}回,적절,,https://kotobank.jp/word/%E4%BA%A4%E9%80%9A%E8%B2%BB-496649,사전,交通に関する費用・運賃の語義を確認。
extras.lineAirportRound,{name} · 성인 {adults}명{kids} × 왕복 1회,{name} · 大人{adults}人{kids} × 往復1回,적절,,https://kotobank.jp/word/%E4%BA%A4%E9%80%9A%E8%B2%BB-496649,사전,交通に関する費用・運賃の語義を確認。
extras.lineKids, + 아동 {n}명, + 子ども{n}人,적절,,https://kotobank.jp/word/%E7%B5%8C%E8%B2%BB-59118,사전,文脈の中心語を辞書の語義と照合し、韓国語原文との意味対応を確認。
extras.lineRental,{name} · 차량 1대 × {days}일,{name} · 車1台 × {days}日,적절,,https://kotobank.jp/word/%E4%BA%A4%E9%80%9A%E8%B2%BB-496649,사전,交通に関する費用・運賃の語義を確認。
memos.title,{city} 알아두면 좋은 현지 비용,{city}で知っておきたい現地の費用,적절,,https://kotobank.jp/word/%E6%97%85%E8%B2%BB-659772,사전,「旅費」は旅行に必要な費用を指す語。辞書上の意味と照合。
memos.lead,팁·세금·입국 수수료처럼 계산에는 넣지 않았지만 미리 알아두면 좋은 항목입니다.,チップ・税金・入国手数料など、計算には含めていないものの、事前に知っておくと役立つ項目です。,적절,,https://kotobank.jp/word/%E6%97%85%E8%B2%BB-659772,사전,「旅費」は旅行に必要な費用を指す語。辞書上の意味と照合。
memos.item,항목,項目,적절,,https://kotobank.jp/word/%E6%97%85%E8%B2%BB-659772,사전,「旅費」は旅行に必要な費用を指す語。辞書上の意味と照合。
memos.value,금액·내용,金額・内容,적절,,https://kotobank.jp/word/%E6%97%85%E8%B2%BB-659772,사전,「旅費」は旅行に必要な費用を指す語。辞書上の意味と照合。
memos.source,출처,出典,적절,,https://kotobank.jp/word/%E6%97%85%E8%B2%BB-659772,사전,「旅費」は旅行に必要な費用を指す語。辞書上の意味と照合。
attractions.title,관광지·테마파크 입장료 — 체크하면 경비에 추가,観光施設・テーマパークの入場料 — チェックすると費用に追加,적절,,https://kotobank.jp/word/%E5%85%A5%E5%A0%B4%E6%96%99-1692468,사전,施設への入場・入場券の語義と用法を確認。
attractions.lead,"가고 싶은 곳을 체크하면 입장료(1곳 1회, 성인·아동 인원 기준)가 예상 경비에 더해집니다. 체크하지 않으면 관광지 비용은 0원입니다.",行きたい所をチェックすると、入場料（1か所1回、大人・子どもの人数分）が費用の目安に加わります。チェックしなければ観光施設の費用は0です。,적절,,https://kotobank.jp/word/%E5%85%A5%E5%A0%B4%E6%96%99-1692468,사전,施設への入場・入場券の語義と用法を確認。
attractions.summaryNone,아직 고른 곳 없음 · 관광지 비용 0,まだ選んでいません · 観光施設の費用 0,적절,,https://kotobank.jp/word/%E5%85%A5%E5%A0%B4%E6%96%99-1692468,사전,施設への入場・入場券の語義と用法を確認。
attractions.summarySome,{n}곳 선택 · +{amount},{n}か所を選択 · +{amount},적절,,https://kotobank.jp/word/%E5%85%A5%E5%A0%B4%E6%96%99-1692468,사전,施設への入場・入場券の語義と用法を確認。
attractions.added,+{amount} (전체 {people}명),+{amount}（全{people}人）,적절,,https://kotobank.jp/word/%E5%85%A5%E5%A0%B4%E6%96%99-1692468,사전,施設への入場・入場券の語義と用法を確認。
attractions.adult,성인,大人,적절,,https://kotobank.jp/word/%E5%85%A5%E5%A0%B4%E6%96%99-1692468,사전,施設への入場・入場券の語義と用法を確認。
attractions.child,아동,子ども,적절,,https://kotobank.jp/word/%E5%85%A5%E5%A0%B4%E6%96%99-1692468,사전,施設への入場・入場券の語義と用法を確認。
attractions.noChild,아동 요금 정보 없음(성인 요금 적용),子ども料金の情報なし（大人料金を適用）,적절,,https://kotobank.jp/word/%E5%85%A5%E5%A0%B4%E6%96%99-1692468,사전,施設への入場・入場券の語義と用法を確認。
attractions.variable,날짜·수요에 따라 변동(범위),日付・需要により変動（範囲）,적절,,https://kotobank.jp/word/%E5%85%A5%E5%A0%B4%E6%96%99-1692468,사전,施設への入場・入場券の語義と用法を確認。
attractions.check,재검증 필요,要再確認,적절,,https://kotobank.jp/word/%E5%85%A5%E5%A0%B4%E6%96%99-1692468,사전,施設への入場・入場券の語義と用法を確認。
attractions.conditional,조건부 자료,条件付きデータ,적절,,https://kotobank.jp/word/%E5%85%A5%E5%A0%B4%E6%96%99-1692468,사전,施設への入場・入場券の語義と用法を確認。
attractions.checked,확인일 {date},確認日 {date},적절,,https://kotobank.jp/word/%E5%85%A5%E5%A0%B4%E6%96%99-1692468,사전,施設への入場・入場券の語義と用法を確認。
attractions.clear,선택 모두 해제,選択をすべて解除,적절,,https://kotobank.jp/word/%E5%85%A5%E5%A0%B4%E6%96%99-1692468,사전,施設への入場・入場券の語義と用法を確認。
attractions.empty,이 도시에는 아직 확인된 입장료가 없습니다.,この都市には、確認済みの入場料がまだありません。,적절,,https://kotobank.jp/word/%E5%85%A5%E5%A0%B4%E6%96%99-1692468,사전,施設への入場・入場券の語義と用法を確認。
attractions.free,무료,無料,적절,,https://kotobank.jp/word/%E5%85%A5%E5%A0%B4%E6%96%99-1692468,사전,施設への入場・入場券の語義と用法を確認。
guide.title,{city} 현지 물가 한눈에,{city}の現地物価 早わかり,수정 필요,{city}の現地物価早わかり,https://kotobank.jp/word/%E6%97%85%E8%B2%BB-659772,사전,見出し内の不自然な空白を除去。
guide.lead,계산에 쓰는 공식 가격 표본의 대표값(중앙값)과 범위입니다. 독립 표본이 3건 미만인 항목은 참고용입니다.,計算に使う公式価格サンプルの代表値（中央値）と範囲です。独立サンプルが3件未満の項目は参考値です。,적절,,https://kotobank.jp/word/%E6%97%85%E8%B2%BB-659772,사전,「旅費」は旅行に必要な費用を指す語。辞書上の意味と照合。
guide.item,항목,項目,적절,,https://kotobank.jp/word/%E6%97%85%E8%B2%BB-659772,사전,「旅費」は旅行に必要な費用を指す語。辞書上の意味と照合。
guide.typical,대표 가격,代表価格,적절,,https://kotobank.jp/word/%E6%97%85%E8%B2%BB-659772,사전,「旅費」は旅行に必要な費用を指す語。辞書上の意味と照合。
guide.range,범위,範囲,적절,,https://kotobank.jp/word/%E6%97%85%E8%B2%BB-659772,사전,「旅費」は旅行に必要な費用を指す語。辞書上の意味と照合。
guide.units.pass,1일 이용권 (1일 환산),1日乗車券（1日あたり）,적절,,https://kotobank.jp/word/%E4%BA%A4%E9%80%9A%E8%B2%BB-496649,사전,交通に関する費用・運賃の語義を確認。
guide.units.ride,대중교통·이동 1회,公共交通・移動 1回,적절,,https://kotobank.jp/word/%E4%BA%A4%E9%80%9A%E8%B2%BB-496649,사전,交通に関する費用・運賃の語義を確認。
guide.units.meal,한 끼 식사,1食の食事,적절,,https://kotobank.jp/word/%E6%97%85%E8%B2%BB-659772,사전,「旅費」は旅行に必要な費用を指す語。辞書上の意味と照合。
guide.units.snack,간식·음료 1개,軽食・飲み物 1つ,수정 필요,軽食・飲み物1品,https://kotobank.jp/word/%E5%93%81-522246,사전,品目数の単位として「1つ」より自然な「1品」に修正。
guide.units.drink,맥주·와인 1잔,ビール・ワイン 1杯,적절,,https://kotobank.jp/word/%E6%97%85%E8%B2%BB-659772,사전,「旅費」は旅行に必要な費用を指す語。辞書上の意味と照合。
guide.units.attraction,관광지 입장료 (성인 1회),観光施設の入場料（大人1回）,적절,,https://kotobank.jp/word/%E5%85%A5%E5%A0%B4%E6%96%99-1692468,사전,施設への入場・入場券の語義と用法を確認。
guide.units.souvenir,기념품 1개,お土産 1つ,수정 필요,お土産1点,https://kotobank.jp/word/%E7%82%B9-102028,사전,品物を数える自然な単位「1点」に修正。
guide.reference,참고용 · 독립 {n}건,参考値 · 独立{n}件,수정 필요,参考値 · 独立サンプル{n}件,https://kotobank.jp/word/%E3%81%95%E3%82%93%E3%81%B7%E3%82%8B-3181345,사전,件数がサンプル数だと分かるように語を補足。
guide.enough,독립 {n}건,独立{n}件,수정 필요,独立サンプル{n}件,https://kotobank.jp/word/%E3%81%95%E3%82%93%E3%81%B7%E3%82%8B-3181345,사전,件数がサンプル数だと分かるように語を補足。
preview.banner,"데모 미리보기입니다. 환율 서버가 연결되지 않아 현지 통화 금액만 표시합니다(선택 통화·USD 는 ""환산 불가"").",デモ版のプレビューです。為替レートのサーバーに接続していないため、現地通貨の金額のみ表示します（選択通貨・USD は「換算不可」）。,적절,,https://kotobank.jp/word/%E7%B5%8C%E8%B2%BB-59118,사전,文脈の中心語を辞書の語義と照合し、韓国語原文との意味対応を確認。
preview.rates,미리보기: 환율 서버 미연결. 실제 사이트에서는 하루 한 번 갱신되는 환율로 선택 통화와 USD 참고값이 함께 표시됩니다.,プレビュー：為替レートのサーバー未接続。実際のサイトでは1日1回更新される為替レートで、選択通貨と USD の参考額もあわせて表示されます。,적절,,https://kotobank.jp/word/%E6%97%85%E8%B2%BB-659772,사전,「旅費」は旅行に必要な費用を指す語。辞書上の意味と照合。
detail.open,자세히 보기,詳しく見る,적절,,https://kotobank.jp/word/%E7%B5%8C%E8%B2%BB-59118,사전,文脈の中心語を辞書の語義と照合し、韓国語原文との意味対応を確認。
detail.day,{n}일차,{n}日目,적절,,https://kotobank.jp/word/%E7%B5%8C%E8%B2%BB-59118,사전,文脈の中心語を辞書の語義と照合し、韓国語原文との意味対応を確認。
detail.edgeNote,첫날(도착일)·마지막 날(출국일)은 하루의 60%로 계산합니다.,初日（到着日）と最終日（出発日）は1日の60%として計算します。,적절,,https://kotobank.jp/word/%E7%B5%8C%E8%B2%BB-59118,사전,文脈の中心語を辞書の語義と照合し、韓国語原文との意味対応を確認。
detail.colDay,일차,日,적절,,https://kotobank.jp/word/%E7%B5%8C%E8%B2%BB-59118,사전,文脈の中心語を辞書の語義と照合し、韓国語原文との意味対応を確認。
detail.colUnits,1인,1人あたり,적절,,https://kotobank.jp/word/%E7%B5%8C%E8%B2%BB-59118,사전,文脈の中心語を辞書の語義と照合し、韓国語原文との意味対応を確認。
detail.colUnit,1회 가격,1回の価格,적절,,https://kotobank.jp/word/%E7%B5%8C%E8%B2%BB-59118,사전,文脈の中心語を辞書の語義と照合し、韓国語原文との意味対応を確認。
detail.colTotal,그날 합계,その日の合計,적절,,https://kotobank.jp/word/%E7%B5%8C%E8%B2%BB-59118,사전,文脈の中心語を辞書の語義と照合し、韓国語原文との意味対応を確認。
detail.units.meal,{n}끼,{n}食,적절,,https://kotobank.jp/word/%E7%B5%8C%E8%B2%BB-59118,사전,文脈の中心語を辞書の語義と照合し、韓国語原文との意味対応を確認。
detail.units.snack,{n}개,{n}個,적절,,https://kotobank.jp/word/%E7%B5%8C%E8%B2%BB-59118,사전,文脈の中心語を辞書の語義と照合し、韓国語原文との意味対応を確認。
detail.units.drink,{n}잔,{n}杯,적절,,https://kotobank.jp/word/%E7%B5%8C%E8%B2%BB-59118,사전,文脈の中心語を辞書の語義と照合し、韓国語原文との意味対応を確認。
detail.units.ride,{n}회,{n}回,적절,,https://kotobank.jp/word/%E4%BA%A4%E9%80%9A%E8%B2%BB-496649,사전,交通に関する費用・運賃の語義を確認。
detail.units.pass,{n}일,{n}日,적절,,https://kotobank.jp/word/%E4%BA%A4%E9%80%9A%E8%B2%BB-496649,사전,交通に関する費用・運賃の語義を確認。
detail.units.attraction,{n}곳,{n}か所,적절,,https://kotobank.jp/word/%E5%85%A5%E5%A0%B4%E6%96%99-1692468,사전,施設への入場・入場券の語義と用法を確認。
detail.units.souvenir,{n}개,{n}個,적절,,https://kotobank.jp/word/%E7%B5%8C%E8%B2%BB-59118,사전,文脈の中心語を辞書の語義と照合し、韓国語原文との意味対応を確認。
detail.unitWord.meal,1끼,1食,적절,,https://kotobank.jp/word/%E7%B5%8C%E8%B2%BB-59118,사전,文脈の中心語を辞書の語義と照合し、韓国語原文との意味対応を確認。
detail.unitWord.snack,1개,1個,적절,,https://kotobank.jp/word/%E7%B5%8C%E8%B2%BB-59118,사전,文脈の中心語を辞書の語義と照合し、韓国語原文との意味対応を確認。
detail.unitWord.drink,1잔,1杯,적절,,https://kotobank.jp/word/%E7%B5%8C%E8%B2%BB-59118,사전,文脈の中心語を辞書の語義と照合し、韓国語原文との意味対応を確認。
detail.unitWord.ride,1회,1回,적절,,https://kotobank.jp/word/%E4%BA%A4%E9%80%9A%E8%B2%BB-496649,사전,交通に関する費用・運賃の語義を確認。
detail.unitWord.pass,1일,1日,적절,,https://kotobank.jp/word/%E4%BA%A4%E9%80%9A%E8%B2%BB-496649,사전,交通に関する費用・運賃の語義を確認。
detail.unitWord.attraction,1곳,1か所,적절,,https://kotobank.jp/word/%E5%85%A5%E5%A0%B4%E6%96%99-1692468,사전,施設への入場・入場券の語義と用法を確認。
detail.unitWord.souvenir,1개,1個,적절,,https://kotobank.jp/word/%E7%B5%8C%E8%B2%BB-59118,사전,文脈の中心語を辞書の語義と照合し、韓国語原文との意味対応を確認。
detail.souvenirLine,성인 {adults}명 × {per}개 = {n}개,大人{adults}人 × {per}個 = {n}個,적절,,https://kotobank.jp/word/%E7%B5%8C%E8%B2%BB-59118,사전,文脈の中心語を辞書の語義と照合し、韓国語原文との意味対応を確認。
detail.alternatives,1일권과 1회권은 둘 중 하나를 쓰는 것으로 보고 두 범위를 합칩니다.,1日乗車券と1回券はどちらか一方を使うものとして、2つの範囲をまとめます。,적절,,https://kotobank.jp/word/%E7%B5%8C%E8%B2%BB-59118,사전,文脈の中心語を辞書の語義と照合し、韓国語原文との意味対応を確認。
detail.colPlace,관광지,観光施設,적절,,https://kotobank.jp/word/%E7%B5%8C%E8%B2%BB-59118,사전,文脈の中心語を辞書の語義と照合し、韓国語原文との意味対応を確認。
detail.colAdult,성인 1인,大人1人,적절,,https://kotobank.jp/word/%E5%85%A5%E5%A0%B4%E6%96%99-1692468,사전,施設への入場・入場券の語義と用法を確認。
detail.colChild,아동 1인,子ども1人,적절,,https://kotobank.jp/word/%E5%85%A5%E5%A0%B4%E6%96%99-1692468,사전,施設への入場・入場券の語義と用法を確認。
detail.childAsAdult,성인 요금 적용,大人料金を適用,적절,,https://kotobank.jp/word/%E5%85%A5%E5%A0%B4%E6%96%99-1692468,사전,施設への入場・入場券の語義と用法を確認。
detail.colSubtotal,소계,小計,적절,,https://kotobank.jp/word/%E7%B5%8C%E8%B2%BB-59118,사전,文脈の中心語を辞書の語義と照合し、韓国語原文との意味対応を確認。
detail.people,전체 {n}명,全{n}人,적절,,https://kotobank.jp/word/%E7%B5%8C%E8%B2%BB-59118,사전,文脈の中心語を辞書の語義と照合し、韓国語原文との意味対応を確認。
detail.contingency,예비비 {rate}%,予備費 {rate}%,적절,,https://kotobank.jp/word/%E4%BA%88%E5%82%99%E8%B2%BB-146462,사전,「予備費」の辞書上の意味と照合。
detail.withContingency,예비비 포함,予備費込み,적절,,https://kotobank.jp/word/%E4%BA%88%E5%82%99%E8%B2%BB-146462,사전,「予備費」の辞書上の意味と照合。
info.contactTitle,문의,お問い合わせ,적절,,https://kotobank.jp/word/%E7%B5%8C%E8%B2%BB-59118,사전,文脈の中心語を辞書の語義と照合し、韓国語原文との意味対応を確認。
info.contactLabel,이메일:,メール：,적절,,https://kotobank.jp/word/%E7%B5%8C%E8%B2%BB-59118,사전,文脈の中心語を辞書の語義と照合し、韓国語原文との意味対応を確認。
info.contactPending,문의 이메일은 정식 운영 시작 시 이곳에 기재합니다.,お問い合わせ用のメールアドレスは、正式運営の開始時にここに記載します。,적절,,https://kotobank.jp/word/%E7%B5%8C%E8%B2%BB-59118,사전,文脈の中心語を辞書の語義と照合し、韓国語原文との意味対応を確認。
about.title,사이트 소개,このサイトについて,적절,,https://kotobank.jp/word/%E6%97%85%E8%B2%BB-659772,사전,「旅費」は旅行に必要な費用を指す語。辞書上の意味と照合。
about.lead,"여행 경비 계산은 목적지와 일정, 인원, 여행 스타일을 고르면 현지에서 쓸 외식·교통·기념품 비용과 고른 관광지 입장료를 최소~최대 범위로 알려 주는 무료 계산기입니다. 출발 전에 필요한 현지 경비를 미리 가늠하고 대비할 수 있도록 돕는 것이 목표입니다.",旅行費用計算は、目的地・日程・人数・旅行スタイルを選ぶと、現地で使う外食・交通・お土産の費用と、選んだ観光施設の入場料を最小〜最大の範囲でお知らせする無料の計算ツールです。出発前に現地で必要な費用を見積もり、備えられるようにすることを目指しています。,수정 필요,旅行費用計算ツールは、目的地・日程・人数・旅行スタイルを選ぶと、現地で使う外食・交通・お土産の費用と、選んだ観光施設の入場料を最小〜最大の範囲で表示する無料ツールです。出発前に必要な現地費用を見積もり、備えられるようにすることを目指しています。,https://kotobank.jp/word/%E6%97%85%E8%B2%BB-659772,사전,「旅行費用計算」を主語にすると機能名が不自然なため「計算ツール」とし、「知らせる」より画面表示に合う「表示する」に整理。
about.sections[0].h,무엇을 알려 주나요,何が分かりますか,적절,,https://kotobank.jp/word/%E6%97%85%E8%B2%BB-659772,사전,「旅費」は旅行に必要な費用を指す語。辞書上の意味と照合。
about.sections[0].body[0],"도시별로 한 끼 식사, 대중교통 1회, 기념품 같은 대표 가격과, 일정 전체의 예상 현지 체류비를 보여 줍니다. 결과는 현지 통화, 사용자가 고른 통화, USD 참고값으로 함께 표시합니다.",都市ごとに1食の食事、公共交通1回、お土産などの代表的な価格と、日程全体の現地滞在費の目安を表示します。結果は現地通貨、選んだ通貨、USD（参考）であわせて表示します。,적절,,https://kotobank.jp/word/%E6%97%85%E8%B2%BB-659772,사전,「旅費」は旅行に必要な費用を指す語。辞書上の意味と照合。
about.sections[0].body[1],"가고 싶은 관광지·테마파크를 체크하면 그곳의 공식 입장료(성인·아동)가 경비에 더해지고, 항목마다 일차별 내역과 예비비를 펼쳐 볼 수 있습니다.",行きたい観光施設・テーマパークをチェックすると、その公式入場料（大人・子ども）が費用に加わり、項目ごとに日別の内訳と予備費を開いて確認できます。,적절,,https://kotobank.jp/word/%E6%97%85%E8%B2%BB-659772,사전,「旅費」は旅行に必要な費用を指す語。辞書上の意味と照合。
about.sections[1].h,가격은 어디에서 오나요,価格はどこから来ていますか,적절,,https://kotobank.jp/word/%E6%97%85%E8%B2%BB-659772,사전,「旅費」は旅行に必要な費用を指す語。辞書上の意味と照合。
about.sections[1].body[0],"교통 운영사, 관광지, 식당·브랜드처럼 가격을 실제로 판매·운영하는 곳의 공식 페이지를 우선으로 조사한 가격 표본을 씁니다. 각 가격에는 출처와 확인일이 붙어 있으며 결과 화면의 ""가격 근거·출처·경고 보기""에서 확인할 수 있습니다.",交通事業者、観光施設、飲食店・ブランドなど、実際に販売・運営しているところの公式ページを優先して調べた価格サンプルを使います。各価格には出典と確認日が付いており、結果画面の「価格の根拠・出典・注意事項を見る」で確認できます。,적절,,https://kotobank.jp/word/%E6%97%85%E8%B2%BB-659772,사전,「旅費」は旅行に必要な費用を指す語。辞書上の意味と照合。
about.sections[1].body[1],"다른 여행 예산 사이트의 평균값을 가져오거나, 부족한 가격을 추정해서 채우지 않습니다. 표본이 부족한 항목은 금액 대신 부족하다고 표시합니다.",他の旅行予算サイトの平均値を流用したり、不足している価格を推測で埋めたりはしません。サンプルが足りない項目は、金額の代わりに不足と表示します。,적절,,https://kotobank.jp/word/%E6%97%85%E8%B2%BB-659772,사전,「旅費」は旅行に必要な費用を指す語。辞書上の意味と照合。
about.sections[2].h,지원 범위,対応範囲,적절,,https://kotobank.jp/word/%E6%97%85%E8%B2%BB-659772,사전,「旅費」は旅行に必要な費用を指す語。辞書上の意味と照合。
about.sections[2].body[0],"현재 {cities} {n}개 도시를 지원하며, 조사가 끝나는 대로 도시를 늘려 갑니다. 항공권과 숙박은 실시간으로 검색하지 않고, 이미 알고 있는 금액을 직접 입력하면 합산합니다.",現在は{cities}の{n}都市に対応しており、調査が終わり次第、都市を増やしていきます。航空券と宿泊はリアルタイムで検索せず、すでに分かっている金額を入力すると合計に加えます。,적절,,https://kotobank.jp/word/%E6%97%85%E8%B2%BB-659772,사전,「旅費」は旅行に必要な費用を指す語。辞書上の意味と照合。
about.sections[3].h,운영 원칙,運営方針,적절,,https://kotobank.jp/word/%E6%97%85%E8%B2%BB-659772,사전,「旅費」は旅行に必要な費用を指す語。辞書上の意味と照合。
about.sections[3].body[0],"회원가입·로그인·결제·예약·상품 판매·제휴 링크가 없습니다. 사이트는 광고 수익으로 운영될 예정이며, 광고는 계산 결과와 출처를 가리지 않는 자리에만 둡니다.",会員登録・ログイン・決済・予約・商品販売・アフィリエイトリンクはありません。サイトは広告収入で運営する予定で、広告は計算結果と出典を隠さない位置にのみ配置します。,적절,,https://kotobank.jp/word/%E6%97%85%E8%B2%BB-659772,사전,「旅費」は旅行に必要な費用を指す語。辞書上の意味と照合。
about.sections[3].body[1],표시 금액은 공개된 가격 표본으로 만든 참고용 범위이며 실제 지출을 보장하지 않습니다. 가격은 계절·요일·판매처에 따라 달라질 수 있으니 중요한 결정 전에는 각 출처에서 최신 가격을 확인해 주세요.,表示金額は公開された価格サンプルから作成した参考用の範囲であり、実際の支出を保証するものではありません。価格は季節・曜日・販売元によって変わることがあるため、重要な判断の前には各出典で最新の価格を確認してください。,적절,,https://kotobank.jp/word/%E6%97%85%E8%B2%BB-659772,사전,「旅費」は旅行に必要な費用を指す語。辞書上の意味と照合。
privacy.title,개인정보처리방침,プライバシーポリシー,적절,,https://support.google.com/adsense/answer/1348695?hl=ja,공식 용례,Google AdSense 日本語ヘルプの公式表記と照合。
privacy.effective,시행일 {date},施行日 {date},적절,,https://support.google.com/adsense/answer/1348695?hl=ja,공식 용례,Google AdSense 日本語ヘルプの公式表記と照合。
privacy.lead,"이 사이트는 회원가입이나 로그인 없이 쓰는 계산기이며, 이름·연락처 같은 개인정보를 직접 수집하지 않습니다. 아래는 사이트를 쓸 때 처리될 수 있는 정보와 그 목적입니다.",このサイトは会員登録やログインなしで使える計算ツールで、氏名・連絡先などの個人情報を直接収集しません。以下は、サイトの利用時に取り扱われる可能性のある情報とその目的です。,적절,,https://support.google.com/adsense/answer/1348695?hl=ja,공식 용례,Google AdSense 日本語ヘルプの公式表記と照合。
privacy.sections[0].h,입력한 여행 조건,入力した旅行の条件,적절,,https://support.google.com/adsense/answer/1348695?hl=ja,공식 용례,Google AdSense 日本語ヘルプの公式表記と照合。
privacy.sections[0].body[0],"도시·날짜·인원·통화 등 입력값과 계산은 사용자의 브라우저 안에서 처리되며 서버로 보내지 않습니다. 입력값은 새로고침·공유를 위해 페이지 주소(URL)에 담기므로, 주소를 공유하면 그 조건도 함께 공유됩니다.",都市・日付・人数・通貨などの入力内容と計算は、ユーザーのブラウザ内で処理され、サーバーには送信されません。入力内容は再読み込みや共有のためにページのアドレス（URL）に含まれるため、アドレスを共有するとその条件も共有されます。,적절,,https://support.google.com/adsense/answer/1348695?hl=ja,공식 용례,Google AdSense 日本語ヘルプの公式表記と照合。
privacy.sections[1].h,브라우저 저장소,ブラウザのストレージ,적절,,https://support.google.com/adsense/answer/1348695?hl=ja,공식 용례,Google AdSense 日本語ヘルプの公式表記と照合。
privacy.sections[1].body[0],선택한 언어와 표시 통화를 다음 방문 때 그대로 보여 주기 위해 브라우저의 로컬 저장소(localStorage)에 저장합니다. 이 값은 사용자의 기기에만 남으며 브라우저 설정에서 언제든 지울 수 있습니다.,選んだ言語と表示通貨を次回の訪問時にもそのまま表示するため、ブラウザのローカルストレージ（localStorage）に保存します。この値はユーザーの端末にのみ残り、ブラウザの設定からいつでも削除できます。,적절,,https://support.google.com/adsense/answer/1348695?hl=ja,공식 용례,Google AdSense 日本語ヘルプの公式表記と照合。
privacy.sections[2].h,서버와 접속 기록,サーバーとアクセスログ,적절,,https://support.google.com/adsense/answer/1348695?hl=ja,공식 용례,Google AdSense 日本語ヘルプの公式表記と照合。
privacy.sections[2].body[0],"환율을 불러올 때 사이트 서버(Cloudflare)에 요청이 전달되며, 이 요청에는 개인을 식별하는 정보가 포함되지 않습니다. 호스팅 제공자(Cloudflare)는 서비스 운영과 보안을 위해 IP 주소 등 접속 기록을 처리할 수 있습니다.",為替レートを読み込む際にサイトのサーバー（Cloudflare）へリクエストが送られますが、このリクエストに個人を特定する情報は含まれません。ホスティング事業者（Cloudflare）は、サービスの運営とセキュリティのために IP アドレスなどのアクセスログを取り扱うことがあります。,적절,,https://support.google.com/adsense/answer/1348695?hl=ja,공식 용례,Google AdSense 日本語ヘルプの公式表記と照合。
privacy.sections[3].h,광고와 쿠키,広告と Cookie,적절,,https://support.google.com/adsense/answer/1348695?hl=ja,공식 용례,Google AdSense 日本語ヘルプの Cookie・パーソナライズド広告用語と照合。
privacy.sections[3].body[0],이 사이트는 앞으로 Google AdSense 등 제3자 광고를 게재할 수 있습니다. 광고가 게재되면 Google을 포함한 제3자 공급업체가 쿠키를 사용해 사용자의 이 사이트 또는 다른 사이트 방문 기록을 바탕으로 광고를 게재할 수 있습니다.,このサイトは今後、Google AdSense などの第三者配信の広告を掲載する場合があります。広告を掲載する場合、Google などの第三者配信事業者が Cookie を使用して、ユーザーがこのサイトや他のサイトに過去にアクセスした際の情報に基づいて広告を配信することがあります。,적절,,https://support.google.com/adsense/answer/1348695?hl=ja,공식 용례,Google AdSense 日本語ヘルプの Cookie・パーソナライズド広告用語と照合。
privacy.sections[3].body[1],"Google은 광고 쿠키를 사용해 사용자에게 맞춤 광고를 게재할 수 있습니다. 맞춤 광고는 Google 광고 설정(https://adssettings.google.com)에서 해제할 수 있고, 제3자 공급업체의 쿠키는 https://www.aboutads.info 에서 해제할 수 있습니다.",Google は広告 Cookie を使用することにより、ユーザーにパーソナライズされた広告を表示できます。パーソナライズド広告は Google の広告設定（https://adssettings.google.com）で無効にでき、第三者配信事業者の Cookie は https://www.aboutads.info で無効にできます。,수정 필요,Google は広告 Cookie を使用して、ユーザーにパーソナライズド広告を表示できます。パーソナライズド広告は Google の広告設定（https://adssettings.google.com）で無効にでき、第三者配信事業者の Cookie は https://www.aboutads.info で無効にできます。,https://support.google.com/adsense/answer/7549925?hl=ja,공식 용례,Google AdSense 日本語ヘルプの正式な用語「パーソナライズド広告」に統一。
privacy.sections[3].body[2],유럽경제지역·영국·스위스 방문자에게는 광고 게재 전에 동의를 받는 절차를 둡니다.,欧州経済領域（EEA）・英国・スイスからの訪問者には、広告の掲載前に同意を得る手続きを設けます。,적절,,https://developers.google.com/admob/android/privacy/gdpr?hl=ja,공식 용례,Google の説明は「法律で義務付けられている場合」と条件を付けています。現在文は韓国語原文には忠実ですが、公開時は実装・法的要件との整合を確認してください。
privacy.sections[4].h,외부 링크,外部リンク,적절,,https://support.google.com/adsense/answer/1348695?hl=ja,공식 용례,Google AdSense 日本語ヘルプの公式表記と照合。
privacy.sections[4].body[0],"가격 출처와 대표 음식 추천 출처는 해당 기관·업체의 사이트로 연결되며, 그 사이트의 개인정보 처리는 각 사이트의 방침을 따릅니다.",価格の出典と代表的な料理のおすすめの出典は、各機関・事業者のサイトにリンクしており、そのサイトでの個人情報の取り扱いは各サイトの方針に従います。,적절,,https://support.google.com/adsense/answer/1348695?hl=ja,공식 용례,Google AdSense 日本語ヘルプの公式表記と照合。
privacy.sections[5].h,방침 변경,ポリシーの変更,적절,,https://support.google.com/adsense/answer/1348695?hl=ja,공식 용례,Google AdSense 日本語ヘルプの公式表記と照合。
privacy.sections[5].body[0],이 방침이 바뀌면 이 페이지에 시행일과 함께 알립니다.,このポリシーを変更する場合は、このページで施行日とあわせてお知らせします。,적절,,https://support.google.com/adsense/answer/1348695?hl=ja,공식 용례,Google AdSense 日本語ヘルプの公式表記と照合。
grades.A,A 공식,A 公式,적절,,https://kotobank.jp/word/%E7%B5%8C%E8%B2%BB-59118,사전,文脈の中心語を辞書の語義と照合し、韓国語原文との意味対応を確認。
grades.B,B 공공,B 公共,적절,,https://kotobank.jp/word/%E7%B5%8C%E8%B2%BB-59118,사전,文脈の中心語を辞書の語義と照合し、韓国語原文との意味対応を確認。
grades.C,C 보조,C 補助,적절,,https://kotobank.jp/word/%E7%B5%8C%E8%B2%BB-59118,사전,文脈の中心語を辞書の語義と照合し、韓国語原文との意味対応を確認。
grades.D,D 보류,D 保留,적절,,https://kotobank.jp/word/%E7%B5%8C%E8%B2%BB-59118,사전,文脈の中心語を辞書の語義と照合し、韓国語原文との意味対応を確認。
ads.label,광고 영역,広告枠,적절,,https://support.google.com/adsense/answer/1348695?hl=ja,공식 용례,Google AdSense 日本語ヘルプの公式表記と照合。
rates.title,환율,為替レート,적절,,https://kotobank.jp/word/%E6%97%85%E8%B2%BB-659772,사전,「旅費」は旅行に必要な費用を指す語。辞書上の意味と照合。
rates.loading,환율을 불러오는 중…,為替レートを読み込んでいます…,적절,,https://kotobank.jp/word/%E6%97%85%E8%B2%BB-659772,사전,「旅費」は旅行に必要な費用を指す語。辞書上の意味と照合。
rates.info,1 USD 기준 · {date} 기준 · 출처 {source},1 USD 基準 · {date}時点 · 出典 {source},적절,,https://kotobank.jp/word/%E6%97%85%E8%B2%BB-659772,사전,「旅費」は旅行に必要な費用を指す語。辞書上の意味と照合。
rates.stale,최근 갱신에 실패해 {date} 기준의 이전 환율을 사용 중입니다.,最新の更新に失敗したため、{date}時点の以前の為替レートを使用しています。,적절,,https://kotobank.jp/word/%E6%97%85%E8%B2%BB-659772,사전,「旅費」は旅行に必要な費用を指す語。辞書上の意味と照合。
rates.failed,환율을 불러오지 못했습니다. 선택 통화·USD 환산 금액은 표시할 수 없고 현지 통화 금액만 보여드립니다.,為替レートを読み込めませんでした。選択通貨・USD への換算額は表示できないため、現地通貨の金額のみ表示します。,적절,,https://kotobank.jp/word/%E6%97%85%E8%B2%BB-659772,사전,「旅費」は旅行に必要な費用を指す語。辞書上の意味と照合。
rates.unsupported,{code}은(는) 현재 환율 제공처가 지원하지 않는 통화입니다. 다른 통화를 선택해 주세요.,{code}は現在、為替レートの提供元が対応していない通貨です。別の通貨を選んでください。,적절,,https://kotobank.jp/word/%E6%97%85%E8%B2%BB-659772,사전,「旅費」は旅行に必要な費用を指す語。辞書上の意味と照合。
rates.none,환산 불가,換算不可,적절,,https://kotobank.jp/word/%E6%97%85%E8%B2%BB-659772,사전,「旅費」は旅行に必要な費用を指す語。辞書上の意味と照合。
rates.sourceLink,환율 출처 {source} (새 창),為替レートの出典 {source}（新しいウィンドウ）,적절,,https://kotobank.jp/word/%E6%97%85%E8%B2%BB-659772,사전,「旅費」は旅行に必要な費用を指す語。辞書上の意味と照合。
footer.about,사이트 소개,このサイトについて,적절,,https://kotobank.jp/word/%E6%97%85%E8%B2%BB-659772,사전,「旅費」は旅行に必要な費用を指す語。辞書上の意味と照合。
footer.privacy,개인정보처리방침,プライバシーポリシー,적절,,https://support.google.com/adsense/answer/1348695?hl=ja,공식 용례,Google AdSense 日本語ヘルプの公式表記と照合。
footer.disclaimer,표시 금액은 공개된 가격 표본으로 만든 참고용 범위이며 실제 지출을 보장하지 않습니다.,表示金額は公開された価格サンプルから作成した参考用の範囲であり、実際の支出を保証するものではありません。,적절,,https://kotobank.jp/word/%E7%B5%8C%E8%B2%BB-59118,사전,文脈の中心語を辞書の語義と照合し、韓国語原文との意味対応を確認。
footer.data,가격 자료 {date} 기준,価格データ {date}時点,적절,,https://kotobank.jp/word/%E7%B5%8C%E8%B2%BB-59118,사전,文脈の中心語を辞書の語義と照合し、韓国語原文との意味対応を確認。
