원본,도시,ID,항목,분류,세부유형,계산 사용,등급,상태,출처명,출처 URL,기록 조회일,현재 메모
가격 표본,방콕,BKK-SV-001,실크 소형 파우치,souvenir,패션,no,D,보류,Jim Thompson,https://www.jimthompson.com/collections/the-blue-jasmine-x-jim-thompson?page=2,2026-10-03,v0.4 보류: 기존 1150–1150 THB는 공식 가격으로 확인되지 않아 계산에서 제외. 이전 컬렉션의 정확한 상품 페이지를 더 이상 확인하지 못함. 현재 판매 중인 동종 상품은 BKK-SV-004로 대체.
가격 표본,방콕,BKK-SV-002,코인 카드 지갑,souvenir,패션,no,D,보류,Jim Thompson,https://www.jimthompson.com/collections/the-blue-jasmine-x-jim-thompson?page=2,2026-10-03,v0.4 보류: 기존 950–950 THB는 공식 가격으로 확인되지 않아 계산에서 제외. 이전 컬렉션의 정확한 상품 페이지를 더 이상 확인하지 못함. 현재 판매 중인 동종 상품은 BKK-SV-005로 대체.
가격 표본,다낭,DAD-TR-001,버스터미널-도심 21번 버스,transport,시내버스,no,B,갱신 필요,Visit Da Nang,https://visitdanang.travel/en/fastest-directions-from-da-nang-bus-station-to-the-city-center-5510,2026-10-02,2025 적용가로 명시; 2026 운영기관 확인 전 모델 제외
가격 표본,다낭,DAD-TR-002,버스터미널-도심 택시,transport,택시,conditional,B,확정 1차,Visit Da Nang,https://visitdanang.travel/en/fastest-directions-from-da-nang-bus-station-to-the-city-center-5510,2026-10-02,시간·교통·목적지에 따라 변동
가격 표본,다낭,DAD-TR-003,4~7인승 전용차,transport,전용차,conditional,B,확정 1차,Visit Da Nang,https://visitdanang.travel/en/fastest-directions-from-da-nang-bus-station-to-the-city-center-5510,2026-10-02,차종·업체별 변동
가격 표본,다낭,DAD-TR-004,도심-바나힐 왕복 관광버스,transport,관광 셔틀,conditional,B,재검증,Visit Da Nang,https://visitdanang.travel/,2026-10-02,운행일·예약조건 추가 확인
가격 표본,다낭,DAD-FD-001,미꽝/반깐 길거리 한그릇,food,저가 한끼,no,D,보류,Vietnam Tourism,https://www.vietnamtourism.com/en/da-nang-food-scene-what-and-where-to-eat,2026-10-03,v0.4 보류: 기존 30000–50000 VND는 공식 가격으로 확인되지 않아 계산에서 제외. 일반 길거리 음식 범위라 특정 판매점과 공식 가격표를 특정하지 못함.
가격 표본,다낭,DAD-FD-002,미꽝 개구리 전문점,food,중가 한끼,no,D,보류,Bếp Trang,https://www.facebook.com/miquangechbeptrangdanang/?locale=vi_VN,2026-10-03,v0.4 보류: 기존 34000–97000 VND는 공식 가격으로 확인되지 않아 계산에서 제외. 기존 범위는 제3자 메뉴 디렉터리 값이며 공식 점포 메뉴에서 현재가를 확인하지 못함.
가격 표본,다낭,DAD-FD-003,소고기 라롯잎 구이,food,메뉴 표본,no,D,보류,Nơm Bistro menu archive,https://www.slideshare.net/slideshow/full-menu-nom-bistro-da-nang/80201891,2026-10-02,날짜가 오래되어 모델 제외; 항목 정의 참고용
가격 표본,타이베이,TPE-FD-001,딘타이펑 돼지고기 샤오롱바오 10개,food,중가 한끼,no,D,보류,Din Tai Fung Taiwan,https://www.dintaifung.com.tw/food.php,2026-10-03,v0.4 보류: 기존 290–290 TWD는 공식 가격으로 확인되지 않아 계산에서 제외. 공식 메뉴는 상품 설명만 제공하고 샤오롱바오 가격을 공개하지 않음.
가격 표본,타이베이,TPE-FD-002,고기 없는 우육면 국물면,food,중가 한끼,no,D,보류,Din Tai Fung Taiwan,https://www.dintaifung.com.tw/food.php,2026-10-03,v0.4 보류: 기존 180–180 TWD는 공식 가격으로 확인되지 않아 계산에서 제외. 공식 메뉴는 상품 설명만 제공하고 우육면 가격을 공개하지 않음.
가격 표본,싱가포르,SIN-FD-001,전통 카야토스트,food,아침/간식,no,D,보류,Toast Box,https://www.toastbox.com.sg/signatures/,2026-10-03,v0.4 보류: 기존 6–6 SGD는 공식 가격으로 확인되지 않아 계산에서 제외. 공식 메뉴에 단품 가격이 없음. 공식 세트 바우처는 별도 상품이라 단품 가격으로 쓰지 않음.
가격 표본,싱가포르,SIN-FD-002,락사,food,저가 한끼,no,D,보류,Toast Box,https://www.toastbox.com.sg/signatures/,2026-10-03,v0.4 보류: 기존 10–10 SGD는 공식 가격으로 확인되지 않아 계산에서 제외. 공식 메뉴에 단품 가격이 없음. 공식 세트 바우처는 별도 상품이라 단품 가격으로 쓰지 않음.
가격 표본,싱가포르,SIN-FD-003,커리치킨 라이스,food,저가 한끼,no,D,보류,Toast Box,https://www.toastbox.com.sg/signatures/,2026-10-03,v0.4 보류: 기존 10.3–10.3 SGD는 공식 가격으로 확인되지 않아 계산에서 제외. 공식 메뉴에 단품 가격이 없음. 공식 세트 바우처는 별도 상품이라 단품 가격으로 쓰지 않음.
가격 표본,싱가포르,SIN-FD-004,코피 O,food,음료,no,D,보류,Toast Box,https://www.toastbox.com.sg/signatures/,2026-10-02,v0.4 보류: 기존 2.2–2.2 SGD는 공식 가격으로 확인되지 않아 계산에서 제외. 공식 메뉴에 단품 가격이 없음. 바우처 페이지의 음료 가격은 메뉴 판매가와 구분해 계산 대상에서 제외.
가격 표본,싱가포르,SIN-SV-001,판단 카야 케이크 레귤러,souvenir,식품,no,D,보류,Bengawan Solo,https://bengawansolo.sg/signatures,2026-10-03,v0.4 보류: 기존 31.8–31.8 SGD는 공식 가격으로 확인되지 않아 계산에서 제외. 기존 Pandan Kaya Cake 가격은 공식몰에서 확인되지 않음. 가까운 공식 상품 Pandan Chiffon은 SIN-SV-003에 기록.
가격 표본,파리,PAR-AT-004,루브르 EEA 방문객,attraction,박물관,yes,A,확정 1차,Louvre Museum,https://www.louvre.fr/en/visit/hours-admission/tickets-and-prices,2026-10-02,거주지·연령 무료 조건 별도
가격 표본,파리,PAR-FD-002,부용 샤르티에 식사 예산 상한,food,저가 식사,conditional,A,확정 4차,Bouillon Chartier,https://www.bouillon-chartier.com/en/the-concept/,2026-10-02,v0.4 재확인: 공식 홈페이지는 한 끼가 €20 미만이라고 안내. 정확한 메뉴 선택에 따라 달라짐.
가격 표본,런던,LON-FD-001,칠리 버터 콘립,food,사이드/간식,yes,A,확정 1차,Dishoom Canary Wharf,https://www.dishoom.com/menu/canary-wharf-all-day/,2026-10-02,지점 메뉴 표본
가격 표본,런던,LON-FD-002,플레인 난,food,사이드,yes,A,확정 1차,Dishoom Canary Wharf,https://www.dishoom.com/menu/canary-wharf-all-day/,2026-10-02,한 끼 전체가 아닌 구성품 표본
가격 표본,런던,LON-FD-003,펍 전통 아침식사,food,저가 아침,no,C,재검증,Current menu tracker,https://www.wetherspoons.com/food/menu/,2026-10-02,공식 지점 가격표 확보 전 모델 제외
가격 표본,런던,LON-FD-004,피시앤칩스,food,펍 한끼,no,C,재검증,Current menu tracker,https://www.wetherspoons.com/food/menu/,2026-10-02,지점별 가격 가능; 공식 PDF 가격 캡처 필요
가격 표본,방콕,BKK-SV-003,짐 톰슨 포니테일 밴드,souvenir,패션,no,D,보류,Jim Thompson,https://www.jimthompson.com/collections/gifting-small-accessories,2026-10-03,v0.4 보류: 기존 790–790 THB는 공식 가격으로 확인되지 않아 계산에서 제외. 공식 액세서리 분류 페이지에서 현재 판매 중인 같은 제품과 가격을 확인하지 못함.
가격 표본,싱가포르,SIN-FD-005,올드창키 시그니처 커리치킨 라이스,food,저가 한끼,no,D,보류,Old Chang Kee,https://www.oldchangkee.com/images/Coffee-House-Menu.pdf,2026-10-03,"v0.4 보류: 기존 8.9–8.9 SGD는 공식 가격으로 확인되지 않아 계산에서 제외. 공식 PDF 파일명이 2022-06 메뉴로, 현재 가격인지 확인할 수 없음. 2026 가격 검증 전 계산 제외."
가격 표본,서울,SEL-FD-014,파파존스 수퍼 파파스 L,food,고가 한끼,no,A,확정 1차,파파존스,https://www.pji.co.kr/,2026-10-03,"공식 홈페이지 인기 메뉴에 수퍼 파파스 L 28,500원, F 33,900원으로 표시. L 사이즈 가격을 기록. · 모델 제외: 파파존스 L 사이즈 피자는 여러 명이 나눠 먹는 메뉴라 1인 한 끼 가격이 아님"
가격 표본,서울,SEL-FD-015,교촌치킨 후라이드한마리,food,중가 한끼,no,A,확정 1차,교촌치킨,https://www.kyochon.com/menu/chicken.asp,2026-10-03,"공식 메뉴 권장소비자가 21,000원. 10호 닭(951~1,050g), 겉보리소금 포함. · 모델 제외: 교촌 후라이드 한 마리는 2~3인 메뉴라 1인 한 끼 가격이 아님"
가격 표본,서울,SEL-FD-016,파파이스 치킨 8조각+음료 2잔 세트,food,중가 한끼,no,A,확정 1차,파파이스,https://popeyes.co.kr/event/62,2026-10-03,"공식 행사 가격 14,900원. 매장/포장 전용, 전 매장 대상이며 재고 소진 시 조기 종료 가능. 치킨 2종 4+4조각과 음료 2잔 구성. · 모델 제외: 파파이스 8조각+음료 2잔 세트는 여러 명용 세트라 1인 한 끼 가격이 아님"
가격 표본,상하이,SHA-FD-003,Yi Long Court 딤섬 런치 테이스팅 메뉴,food,세트 메뉴,yes,A,확정 1차,"Yi Long Court, The Peninsula Shanghai",https://www.peninsula.com/-/media/files/shanghai/menu/2026/yi-long-court/0413/2026-ylc-set-menu.pdf,2026-10-03,호텔 공식 2026 세트 메뉴 1인 298위안. 별도 16.6% 서비스료·세금 추가.
가격 표본,상하이,SHA-FD-004,Ortensia 2026 점심 세트,food,세트 메뉴,yes,A,확정 1차,ŌRTENSIA Shanghai,https://www.restaurantortensia.com/shanghai,2026-10-03,"레스토랑 공식 2026 점심 세트 1인 1,388위안. 별도 10% 서비스료 추가."
가격 표본,부산,PUS-AT-004,해운대 블루라인파크 스카이캡슐 편도 (2인승),attraction,열차,yes,A,확정 1차 재검증(교차 확인 전),해운대블루라인파크 공식홈페이지,https://www.bluelinepark.com/fareInfo.do,2026-10-03,"미포↔청사포 구간 공중 캡슐 탑승권 · 원문: 스카이캡슐 편도 2인승 35,000원 · 수집: prices-busan.csv"
추가 표본,이스탄불,IST-AP-001,HAVAİST 이스탄불 공항–실리브리 오토가르 편도,공항버스,공항버스,no,A,확정 1차,HAVAİST,https://my.hava.ist/buy-ticket,2026-10-03,"공식 예매 화면에서 İstanbul Havalimanı→Silivri Otogar, 승객 1명 선택 후 표시된 편도 운임 ₺450. 예매 진행 단계는 선택하지 않음. · 모델 제외: 공항–실리브리(서쪽 외곽) 노선이라 관광객의 공항↔시내 이동 요금이 아님"
추가 표본,이스탄불,IST-AP-002,HAVAİST 이스탄불 공항–셀림파샤 편도,공항버스,공항버스,no,A,확정 1차,HAVAİST,https://my.hava.ist/buy-ticket,2026-10-03,"공식 예매 화면에서 İstanbul Havalimanı→Selimpaşa, 승객 1명 선택 후 표시된 편도 운임 ₺450. 예매 진행 단계는 선택하지 않음. · 모델 제외: 공항–셀림파샤(서쪽 외곽) 노선이라 관광객의 공항↔시내 이동 요금이 아님"
