도시,성인 관광지 수,12곳까지 추가 필요,아동 요금 미표시 칸,음식 가격 대기,도시 메모 행,교통 이용권 비교 행,표본 보강 필요 바스켓,점검 메모
도쿄,12,0,4,1,4,5,없음(주요 바스켓 기준 3건 이상),가이드 가격 데이터 기준일 2026-10-04
오사카,13,0,4,2,3,2,1일 이용권(1건),가이드 가격 데이터 기준일 2026-10-04
방콕,12,0,7,3,1,1,1일 이용권(1건); 간식·음료(1건),가이드 가격 데이터 기준일 2026-10-04
다낭,14,0,10,4,0,0,1일 이용권(0건); 간식·음료(1건),교통권 비교와 도시 메모 행 없음
타이베이,12,0,7,3,1,3,1일 이용권(1건),가이드 가격 데이터 기준일 2026-10-04
싱가포르,12,0,4,3,1,1,1일 이용권(1건); 간식·음료(1건),주류 구성도 별도 체크리스트와 대조
파리,14,0,10,3,1,1,1일 이용권(1건); 간식·음료(0건),간식·음료 가격 표본 없음
런던,14,0,7,3,1,1,1일 이용권(2건),독립 표본 목표 3건까지 1건 부족
바르셀로나,13,0,8,2,2,1,1일 이용권(1건); 주류(2건),독립 표본 기준 미달 바스켓 확인
로마,13,0,8,2,1,3,1일 이용권(1건),가이드 가격 데이터 기준일 2026-10-04
뉴욕,13,0,8,1,4,0,1일 이용권(0건); 간식·음료(2건); 주류(2건),교통권 비교 행 없음
이스탄불,6,6,1,4,0,0,1일 이용권(0건),성인 명소 6곳 추가; 교통권 비교와 도시 메모 없음
상하이,5,7,1,3,0,0,1일 이용권(0건),성인 명소 7곳 추가; 교통권 비교와 도시 메모 없음
서울,7,5,4,4,1,5,1일 이용권(2건),성인 명소 5곳 추가
부산,7,5,5,1,0,1,1일 이용권(1건),성인 명소 5곳 추가; 도시 메모 행 없음
제주,6,6,2,4,0,0,1일 이용권(0건),성인 명소 6곳 추가; 교통권 비교와 도시 메모 없음
