도시,음식,확인 요청,필수 출처 조건
도쿄,에도마에 스시(Edomae Sushi),공식 식당 메뉴에 1인분 가격이 공개되는지 확인,식당/브랜드 공식 메뉴 페이지 또는 공식 메뉴 PDF
오사카,쿠시카츠(Kushikatsu),공식 식당 메뉴의 단일 메뉴 가격 확인,식당/브랜드 공식 메뉴 페이지 또는 공식 메뉴 PDF
오사카,우동스키(Udon Suki),공식 식당 메뉴의 단일 메뉴 가격 확인,식당/브랜드 공식 메뉴 페이지 또는 공식 메뉴 PDF
방콕,똠얌꿍(Tom Yum Goong),공식 식당 메뉴의 1인 메뉴 가격 확인,식당/브랜드 공식 메뉴 페이지 또는 공식 메뉴 PDF
방콕,쏨땀(Som Tum),공식 식당 메뉴의 1인 메뉴 가격 확인,식당/브랜드 공식 메뉴 페이지 또는 공식 메뉴 PDF
방콕,망고 찹쌀밥(Mango Sticky Rice),공식 판매 메뉴 가격 확인,식당/브랜드 공식 메뉴 페이지 또는 공식 메뉴 PDF
다낭,반쎄오(Banh Xeo),공식 식당 메뉴의 1인분 가격 확인,식당/브랜드 공식 메뉴 페이지 또는 공식 메뉴 PDF
다낭,분짜까(Bun Cha Ca),공식 식당 메뉴의 1인분 가격 확인,식당/브랜드 공식 메뉴 페이지 또는 공식 메뉴 PDF
다낭,해산물(Seafood),구체적인 1인분 메뉴와 원가격이 공식 메뉴에 표시되는지 확인,식당/브랜드 공식 메뉴 페이지 또는 공식 메뉴 PDF
다낭,반미(Banh Mi),공식 판매 메뉴 가격 확인,식당/브랜드 공식 메뉴 페이지 또는 공식 메뉴 PDF
타이베이,망고빙수(Mango Shaved Ice),공식 판매 메뉴 가격 확인,식당/브랜드 공식 메뉴 페이지 또는 공식 메뉴 PDF
타이베이,루러우판(Braised Pork Rice),공식 식당 메뉴의 1인분 가격 확인,식당/브랜드 공식 메뉴 페이지 또는 공식 메뉴 PDF
타이베이,지파이(Fried Chicken Cutlet),공식 판매 메뉴 가격 확인,식당/브랜드 공식 메뉴 페이지 또는 공식 메뉴 PDF
싱가포르,치킨라이스(Chicken Rice),공식 식당 메뉴의 1인분 가격 확인,식당/브랜드 공식 메뉴 페이지 또는 공식 메뉴 PDF
싱가포르,로티 프라타(Roti Prata),공식 식당 메뉴 가격 확인,식당/브랜드 공식 메뉴 페이지 또는 공식 메뉴 PDF
싱가포르,호키엔 미(Hokkien Mee),공식 식당 메뉴의 1인분 가격 확인,식당/브랜드 공식 메뉴 페이지 또는 공식 메뉴 PDF
파리,바게트(Baguette),공식 베이커리의 단품 가격 확인,베이커리 공식 상품/메뉴 페이지
파리,크루아상(Croissant),공식 베이커리의 단품 가격 확인,베이커리 공식 상품/메뉴 페이지
파리,크레프(Crêpe),공식 판매 메뉴 가격 확인,식당/브랜드 공식 메뉴 페이지 또는 공식 메뉴 PDF
런던,선데이 로스트(Sunday Roast),공식 식당 메뉴의 1인분 가격 확인,식당/브랜드 공식 메뉴 페이지 또는 공식 메뉴 PDF
런던,애프터눈티(Afternoon Tea),공식 메뉴의 1인 가격·인원 조건 확인,식당/브랜드 공식 메뉴 페이지 또는 공식 메뉴 PDF
런던,스테이크 앤 에일 파이(Steak and Ale Pie),공식 식당 메뉴의 1인분 가격 확인,식당/브랜드 공식 메뉴 페이지 또는 공식 메뉴 PDF
바르셀로나,타파스(Tapas),개별 타파스 1종의 메뉴 가격 확인,식당/브랜드 공식 메뉴 페이지 또는 공식 메뉴 PDF
바르셀로나,메누 델 디아(Menu del dia),1인 메뉴인지·요일/시간 조건 포함 공식 가격 확인,식당/브랜드 공식 메뉴 페이지 또는 공식 메뉴 PDF
로마,카초 에 페페(Cacio e Pepe),공식 식당 메뉴의 1인분 가격 확인,식당/브랜드 공식 메뉴 페이지 또는 공식 메뉴 PDF
로마,피자 알 탈리오(Pizza al taglio),단품/중량 단위와 공식 가격 확인,식당/브랜드 공식 메뉴 페이지 또는 공식 메뉴 PDF
뉴욕,베이글(Bagel),토핑/크기 포함 공식 단품 가격 확인,브랜드/식당 공식 메뉴 페이지
이스탄불,시미트(Simit),공식 판매자 단품 가격 확인,판매자 공식 메뉴/상품 페이지
이스탄불,코코레치(Kokoreç),공식 식당 메뉴의 1인분 가격 확인,식당/브랜드 공식 메뉴 페이지 또는 공식 메뉴 PDF
이스탄불,바클라바(Baklava),공식 판매자 상품의 중량/수량과 가격 확인,브랜드 공식 상품 페이지 또는 온라인몰
이스탄불,퀴네페(Künefe),공식 식당 메뉴의 1인분 가격 확인,식당/브랜드 공식 메뉴 페이지 또는 공식 메뉴 PDF
상하이,샤오롱바오(Xiaolongbao),공식 식당 메뉴의 1인분 가격 확인,식당/브랜드 공식 메뉴 페이지 또는 공식 메뉴 PDF
상하이,성젠바오(Shengjianbao),공식 식당 메뉴의 수량과 가격 확인,식당/브랜드 공식 메뉴 페이지 또는 공식 메뉴 PDF
상하이,옌두셴(Yanduxian),공식 식당 메뉴의 1인분 가격 확인,식당/브랜드 공식 메뉴 페이지 또는 공식 메뉴 PDF
서울,설렁탕(Seolleongtang),공식 식당 메뉴의 1인분 가격 확인,식당/브랜드 공식 메뉴 페이지 또는 공식 메뉴 PDF
서울,서울식 추탕(Seoul-style Chueotang),공식 식당 메뉴의 1인분 가격 확인,식당/브랜드 공식 메뉴 페이지 또는 공식 메뉴 PDF
서울,녹두빈대떡(Mung Bean Pancake),공식 메뉴가 여러 인분/조각 공유형인지 확인 후 가격 기록,식당/브랜드 공식 메뉴 페이지 또는 공식 메뉴 PDF
서울,신당동 즉석떡볶이(Sindang-dong Tteokbokki),세트 메뉴의 최소 인원과 1인 계산 적합성 확인,식당/브랜드 공식 메뉴 페이지 또는 공식 메뉴 PDF
부산,밀면(Milmyeon),공식 식당 메뉴의 1인분 가격 확인,식당/브랜드 공식 메뉴 페이지 또는 공식 메뉴 PDF
제주,고기국수(Gogi Guksu),공식 식당 메뉴의 1인분 가격 확인,식당/브랜드 공식 메뉴 페이지 또는 공식 메뉴 PDF
제주,옥돔구이(Grilled Tilefish),생선 크기·중량·인원 조건과 공식 가격 확인,식당/브랜드 공식 메뉴 페이지 또는 공식 메뉴 PDF
제주,갈치국(Galchi-guk),공식 식당 메뉴의 1인분 가격 확인,식당/브랜드 공식 메뉴 페이지 또는 공식 메뉴 PDF
제주,빙떡(Bingtteok),공식 판매 메뉴의 단품/수량 가격 확인,식당/브랜드 공식 메뉴 페이지 또는 공식 메뉴 PDF
