도시,현행 주류 독립 표본 수,현행 주류 원행 수,현재 표본(ID·품목·단위),운영자 요청 품목,대조 결과(표본명으로 확인되지 않거나 보완 필요),검토 판정
도쿄,11,12,TYO-AL-861: 쿠시카츠 다나카 짐빔 하이볼 [1잔(용량 미표기)]; TYO-AL-862: 쿠시카츠 다나카 레몬사워 [1잔(용량 미표기)]; TYO-AL-863: 쿠시카츠 다나카 생맥주(프리미엄 몰츠 카오루 에일) [1잔(용량 미표기)]; TYO-AL-864: 쿠시카츠 다나카 사케 180ml [1병 180ml]; TYO-AL-865: 쿠시카츠 다나카 본격 소주 [1잔(용량 미표기)]; TYO-AL-866: 쿠시카츠 다나카 우메슈 [1잔(용량 미표기)]; TYO-AL-873: 로손 PB 맥주류 캔 350ml [1캔 350ml]; TYO-AL-712: 이치란 생맥주 (중) [1잔]; TYO-AL-804: 세븐프리미엄 더 브루 350ml (세븐일레븐) [1캔 350ml]; TYO-FD-951: 생맥주 아사히 슈퍼드라이·기린 하트랜드 (호텔 레스토랑) [1잔]; TYO-FD-952: 생맥주 프리미엄 몰츠 (와카도리 마루노우치) [1잔]; TYO-FD-953: 브루클린 라거 레귤러 (게이오 플라자 호텔) [1잔],생맥주(중); 병맥주 中瓶; 하이볼; 레몬사워/츄하이; 사케 1합·잔술; 일본 소주; 우메슈; 한식당 한국 소주 1병; 맥주 350ml 캔; 츄하이 캔,"병맥주 中瓶, 한국 소주 1병, 츄하이 캔이 표본명에서 확인되지 않음; 일부 잔 단위 용량 미표기",요구 목록 대 표본 이름 대조 완료; 가격 원문은 교차검증표 판정 공란으로 미확인
오사카,9,9,OSA-AL-867: 쿠시카츠 다나카 짐빔 하이볼 [1잔(용량 미표기)]; OSA-AL-868: 쿠시카츠 다나카 레몬사워 [1잔(용량 미표기)]; OSA-AL-869: 쿠시카츠 다나카 생맥주(프리미엄 몰츠 카오루 에일) [1잔(용량 미표기)]; OSA-AL-870: 쿠시카츠 다나카 사케 180ml [1병 180ml]; OSA-AL-871: 쿠시카츠 다나카 본격 소주 [1잔(용량 미표기)]; OSA-AL-872: 쿠시카츠 다나카 우메슈 [1잔(용량 미표기)]; OSA-AL-874: 로손 PB 맥주류 캔 350ml [1캔 350ml]; OSA-FD-951: 프리미엄 몰츠 향기로운 에일 생맥주 소 [1잔 소]; OSA-FD-952: 프리미엄 몰츠 중병 [1병 500ml],생맥주(중); 병맥주 中瓶; 하이볼; 레몬사워/츄하이; 사케 1합·잔술; 일본 소주; 우메슈; 한식당 한국 소주 1병; 맥주 350ml 캔; 츄하이 캔,"한국 소주 1병, 츄하이 캔이 확인되지 않음; 일부 잔 단위 용량 미표기",요구 목록 대 표본 이름 대조 완료; 가격 원문은 교차검증표 판정 공란으로 미확인
방콕,3,3,BKK-FD-951: 창 클래식 맥주 330ml (루프톱 바) [1병 330ml]; BKK-FD-952: 싱하 맥주 320ml (루프톱 바) [1병 320ml]; BKK-FD-953: 하이네켄 320ml (루프톱 바) [1병 320ml],싱하·창·레오 병맥주; 생맥주; 칵테일; 한국 소주 1병; 소매 맥주 캔,현재 표본명은 루프톱 병맥주 3종; 생맥주·칵테일·한국 소주·소매 캔맥주 미확인,요구 목록 대 표본 이름 대조 완료; 가격 원문은 교차검증표 판정 공란으로 미확인
다낭,3,3,DAD-FD-951: 후다 생맥주 소 [1잔 소]; DAD-FD-952: 산미구엘 생맥주 대 [1잔 대]; DAD-FD-953: 이스트웨스트 퍼시픽 필스너 (루프톱) [1잔],라루·사이공·하노이 병맥주; bia hơi 생맥주; 칵테일; 한국 소주 1병; 소매 맥주 캔,현재 3종은 생맥주; 라루·사이공·하노이 병맥주·칵테일·한국 소주·소매 캔맥주 미확인,요구 목록 대 표본 이름 대조 완료; 가격 원문은 교차검증표 판정 공란으로 미확인
타이베이,3,3,TPE-FD-951: 아사히 맥주 (호텔 라운지) [1병]; TPE-FD-952: 코로나 맥주 (호텔 라운지) [1병]; TPE-FD-953: 타이완 골드 맥주 (호텔 라운지) [1병],타이완 맥주 병; 생맥주; 하이볼; 고량주 잔; 한국 소주 1병; 소매 맥주 캔,현재 표본명은 호텔 라운지 병맥주 3종; 생맥주·하이볼·고량주·한국 소주·소매 캔맥주 미확인,요구 목록 대 표본 이름 대조 완료; 가격 원문은 교차검증표 판정 공란으로 미확인
싱가포르,3,3,SIN-FD-951: 하이네켄 (리퍼블릭 바) [1병]; SIN-FD-952: 아사히 (리퍼블릭 바) [1병]; SIN-FD-953: 타이거 (리퍼블릭 바) [1병],타이거 생맥주·병맥주; 싱가포르 슬링; 와인 1잔; 한국 소주 1병; 소매 맥주 캔,현재 표본명은 바 병맥주 3종; 타이거 생맥주·싱가포르 슬링·와인·한국 소주·소매 캔맥주 미확인,요구 목록 대 표본 이름 대조 완료; 가격 원문은 교차검증표 판정 공란으로 미확인
파리,3,3,PAR-FD-951: 크로넨부르 1664 25cl [1잔 25cl]; PAR-FD-952: 브라스리 리프 블롱드 25cl [1잔 25cl]; PAR-FD-953: 드모리 IPA 25cl [1잔 25cl],하우스 와인 1잔; demi 생맥주 250ml; 칵테일; 파스티스; 소매 와인 1병·맥주 캔,현재 표본명은 25cl 맥주 3종; 하우스 와인·칵테일·파스티스·소매 와인/맥주 미확인,요구 목록 대 표본 이름 대조 완료; 가격 원문은 교차검증표 판정 공란으로 미확인
런던,3,3,LON-FD-951: 런던 프라이드 1파인트 (풀러스 펍) [1잔 568ml]; LON-FD-952: 기네스 1파인트 (풀러스 펍) [1잔 568ml]; LON-FD-953: 페로니 1파인트 (풀러스 펍) [1잔 568ml],라거·에일·cider 파인트; 와인 1잔; 진토닉; 소매 맥주 캔,현재 표본명은 맥주 파인트 3종; cider·와인·진토닉·소매 맥주 캔 미확인,요구 목록 대 표본 이름 대조 완료; 가격 원문은 교차검증표 판정 공란으로 미확인
바르셀로나,2,2,BCN-FD-008: 가라지 바 스페인 와인 1잔 [1잔]; BCN-FD-009: 카사 모리츠 와인 상그리아 1잔 [1잔],caña 생맥주; 하우스 와인; 상그리아; 카바; 칵테일; 소매 맥주 캔,현재 표본명은 스페인 와인·상그리아 2종; caña·카바·칵테일·소매 맥주 캔 미확인; 독립 표본 3건 미달,요구 목록 대 표본 이름 대조 완료; 가격 원문은 교차검증표 판정 공란으로 미확인
로마,3,3,ROM-FD-301: 라 사피엔자 대학 바 병맥주 33cl [1병 330ml]; ROM-FD-302: 라 사피엔자 대학 바 레드 와인 1잔 [1잔]; ROM-FD-303: 라 사피엔자 대학 바 프로세코 1잔 [1잔],하우스 와인 1잔/¼L; 생맥주; 아페롤 스프리츠; 칵테일; 소매 와인 1병,현재 표본명은 병맥주·레드와인·프로세코; 하우스 와인·생맥주·아페롤 스프리츠·칵테일·소매 와인병 미확인,요구 목록 대 표본 이름 대조 완료; 가격 원문은 교차검증표 판정 공란으로 미확인
뉴욕,2,2,NYC-FD-202: 휴스턴 홀 골든 라거 스몰 [1잔 16oz]; NYC-FD-203: 휴스턴 홀 소비뇽 블랑 1잔 [1잔],생맥주 1잔; 와인 1잔; 칵테일; 한국 소주 1병; 소매 맥주 캔; 팁 별도 표시,현재 표본명은 생맥주·와인 2종; 칵테일·한국 소주·소매 캔맥주 미확인; 팁 별도 표시 확인 필요; 독립 표본 3건 미달,요구 목록 대 표본 이름 대조 완료; 가격 원문은 교차검증표 판정 공란으로 미확인
이스탄불,3,3,IST-AL-001: Lokanta Lobi Mercan 라키 [1잔 6cl]; IST-AL-002: Lokanta Lobi Efes 생맥주 [1잔 33cl]; IST-AL-003: Lokanta Lobi Efes 무글루텐 맥주 [1병 50cl],에페스 병맥주·생맥주; 라크 1잔; 와인 1잔; 소매 맥주 캔,현재 표본명은 라크·생맥주·병맥주; 와인·소매 캔맥주 미확인,요구 목록 대 표본 이름 대조 완료; 가격 원문은 교차검증표 판정 공란으로 미확인
상하이,3,3,SHA-AL-001: Aster Michele Chiarlo Nivole Moscato d’Asti [1잔 60ml]; SHA-AL-002: Park Hyatt Shanghai 아사히 맥주 [1병 330ml]; SHA-AL-003: Hakkasan Shanghai Tsing Tao 맥주 [1병 296ml],칭다오 병맥주; 생맥주; 바이주 잔/소병; 사오싱 황주; 칵테일; 소매 맥주 캔,현재 3종은 와인 1잔과 병맥주 2종; 생맥주·바이주·사오싱 황주·칵테일·소매 캔맥주 미확인,요구 목록 대 표본 이름 대조 완료; 가격 원문은 교차검증표 판정 공란으로 미확인
서울,10,10,SEL-AL-762: 청돈옥 하이볼 [1잔]; SEL-AL-764: 송탄진대광부대찌개 소주 1병 [1병 360ml]; SEL-AL-765: 송탄진대광부대찌개 맥주 1병 [1병 500ml]; SEL-AL-789: 이태원사랑채 장수막걸리 1병 [1병 750ml]; SEL-AL-790: 이태원사랑채 소주 1병 [1병 360ml]; SEL-AL-791: 이태원사랑채 맥주 1병 [1병 500ml]; SEL-AL-795: 올바른스시 참이슬 1병 [1병 360ml]; SEL-AL-796: 올바른스시 카스 1병 [1병 500ml]; SEL-AL-797: 올바른스시 매화수 1병 [1병 300ml]; SEL-AL-806: 참이슬 후레쉬 소주 360ml (이마트 에브리데이) [1병 360ml],식당 소주 1병; 식당 맥주 1병; 생맥주 500cc; 막걸리 1병; 하이볼; 소매 소주 1병; 맥주 500ml 캔,생맥주 500cc와 소매 맥주 500ml 캔이 확인되지 않음,요구 목록 대 표본 이름 대조 완료; 가격 원문은 교차검증표 판정 공란으로 미확인
부산,3,3,PUS-FD-009: 대선주조 대선소주 [1병 360ml]; PUS-FD-010: CU 편의점 켈리 캔맥주 [1캔 500ml]; PUS-FD-011: 식당 일반 소주/맥주 [1병],식당 소주 1병; 식당 맥주 1병; 생맥주 500cc; 막걸리 1병; 하이볼; 소매 소주 1병; 맥주 500ml 캔,생맥주 500cc·막걸리·하이볼 미확인; 식당 일반 소주/맥주가 한 표본명에 합쳐져 개별 가격을 구분 못함,요구 목록 대 표본 이름 대조 완료; 가격 원문은 교차검증표 판정 공란으로 미확인
제주,3,3,CJU-FD-009: 한라산 21도 소주 [1병 360ml]; CJU-FD-010: 제주맥주 제주위트에일 캔 [1캔 500ml]; CJU-FD-011: 식당 한라산 소주/카스 맥주 [1병],식당 소주 1병; 식당 맥주 1병; 생맥주 500cc; 막걸리 1병; 하이볼; 소매 소주 1병; 맥주 500ml 캔,생맥주 500cc·막걸리·하이볼 미확인; 식당 일반 소주/맥주가 한 표본명에 합쳐져 개별 가격을 구분 못함,요구 목록 대 표본 이름 대조 완료; 가격 원문은 교차검증표 판정 공란으로 미확인
