국가,도시,음식(한글),Food,추천 이유,예산대,연결 가격 ID,가격조사 상태,추천 출처,출처 URL,비고
한국,서울,설렁탕,Seolleongtang,사골을 오랜 시간 푹 고아 뽀얗고 깊은 국물에 밥과 소면을 말아 먹는 서울의 대표적인 전통 뚝배기 음식이다.,저~중,,대기,한국관광공사 대한민국 구석구석,https://korean.visitkorea.or.kr/detail/rem_detail.do?cotid=befc472b-f62c-4ea9-a0e7-a77863f4326d,
한국,서울,서울식 추탕,Seoul-style Chueotang,소고기 육수에 미꾸라지와 두부 등을 푸짐하게 넣어 끓여내는 서울 전통 방식의 얼큰한 보양식이다.,중,,대기,한국관광공사 대한민국 구석구석,https://korean.visitkorea.or.kr/detail/rem_detail.do?cotid=ead7865b-4325-4840-ad7d-8530c549b88f,
한국,서울,녹두빈대떡,Mung Bean Pancake,녹두를 곱게 갈아 돼지고기와 채소를 곁들여 기름에 바삭하고 고소하게 부쳐낸 전통시장 명물 부침개이다.,저,,대기,한국관광공사 대한민국 구석구석,https://korean.visitkorea.or.kr/detail/rem_detail.do?cotid=aeaa8f41-62c8-4c20-9854-a9193721ea93,
한국,서울,신당동 즉석떡볶이,Sindang-dong Tteokbokki,춘장과 고추장 양념 베이스에 라면·쫄면·어묵 등 다양한 사리를 즉석에서 보글보글 끓여 먹는 소울푸드이다.,저~중,,대기,서울관광재단 비짓서울,https://korean.visitseoul.net/,
한국,부산,돼지국밥,Dwaeji Gukbap,진하게 우려낸 돼지 사골 육수에 야들야들한 돼지고기와 부추무침을 곁들여 든든하게 즐기는 부산 1위 향토음식이다.,저~중,,대기,비짓부산(부산관광공사),https://www.visitbusan.net/index.do?menuCd=DOM_000000202003001000&uc_seq=1005&lang_cd=ko,
한국,부산,밀면,Milmyeon,한국전쟁 피란 시절 구호물자인 밀가루로 냉면을 재현해 탄생한 살얼음 동동 뜬 새콤달콤한 부산 고유의 국수이다.,저,,대기,한국관광공사 대한민국 구석구석,https://korean.visitkorea.or.kr/detail/rem_detail.do?cotid=08f2354e-c8be-430d-9719-be4259272db2,
한국,부산,씨앗호떡,Ssiat Hotteok,쫄깃하고 달콤한 흑설탕 호떡 사이에 해바라기씨와 땅콩 등 고소한 견과류를 듬뿍 채워 넣은 대표 길거리 간식이다.,저,,대기,비짓부산(부산관광공사),https://www.visitbusan.net/index.do?menuCd=DOM_000000202003001000&uc_seq=1005&lang_cd=ko,
한국,부산,부산어묵,Busan Fish Cake,신선한 생선살 함량이 높아 탱글탱글하고 쫄깃한 식감을 자랑하는 부산을 대표하는 특산 명물이다.,저,,대기,한국관광공사 대한민국 구석구석,https://korean.visitkorea.or.kr/detail/rem_detail.do?cotid=08f2354e-c8be-430d-9719-be4259272db2,
한국,제주,고기국수,Gogi Guksu,돼지 뼈를 진하게 고아낸 뽀얀 육수에 두툼한 돔베고기 수육과 중면을 얹어내는 제주 잔칫날 전통 국수이다.,저~중,,대기,비짓제주(제주관광공사),https://www.visitjeju.net/kr/detail/view?contentsid=CNTS_200000000013389,
한국,제주,옥돔구이,Grilled Tilefish,담백하고 기름진 제주 특산 옥돔을 해풍에 꾸덕하게 말려 노릇하게 구워낸 왕실 진상 명품 요리이다.,중~고,,대기,비짓제주(제주관광공사),https://www.visitjeju.net/kr/detail/view?contentsid=CNTS_200000000013389,
한국,제주,갈치국,Galchi-guk,싱싱한 제주 은갈치와 달큰한 늙은 호박 및 청양고추를 넣어 비리지 않고 칼칼하고 시원하게 끓여낸 7대 향토음식이다.,중,,대기,비짓제주(제주관광공사),https://www.visitjeju.net/kr/detail/view?contentsid=CNTS_200000000013389,
한국,제주,빙떡,Bingtteok,메밀가루 반죽 전병에 삼삼하게 양념한 무채를 소로 넣고 돌돌 말아 담백하고 시원한 맛으로 먹는 전통 별미이다.,저,,대기,비짓제주(제주관광공사),https://www.visitjeju.net/kr/detail/view?contentsid=CNTS_200000000013389,
