ID,국가,도시,카테고리,세부유형,항목(한글),Item (English),최소,최대,통화,단위,가격형태,대상,출처등급,모델사용,상태,조회일,적용/게시,출처명,출처 URL,원문 인용,비고
CJU-FD-760,한국,제주,외식,중가 한끼,소산도 우도흑돼지 안심카츠,Sosando Udo Black Pork Tenderloin Katsu,17000,17000,KRW,1인분,메뉴형,일반,C 보조,조건부,확정 1차,2026-10-04,2026,네이버 플레이스 · 소산도,https://map.naver.com/p/search/%EC%86%8C%EC%82%B0%EB%8F%84,"우도흑돼지안심카츠 17,000원",운영자 제공 네이버 플레이스 메뉴 탭 캡처(2026-10-04)
CJU-FD-761,한국,제주,외식,중가 한끼,소산도 흑돼지 우도 등심카츠,Sosando Black Pork Loin Katsu,16000,16000,KRW,1인분,메뉴형,일반,C 보조,조건부,확정 1차,2026-10-04,2026,네이버 플레이스 · 소산도,https://map.naver.com/p/search/%EC%86%8C%EC%82%B0%EB%8F%84,"흑돼지우도등심카츠 16,000원",운영자 제공 네이버 플레이스 메뉴 탭 캡처(2026-10-04)
CJU-FD-762,한국,제주,외식,저가 한끼,제주식 고사리해장국,Jeju-style Bracken Haejangguk,11000,11000,KRW,1그릇,메뉴형,일반,C 보조,조건부,확정 1차,2026-10-04,2026,네이버 플레이스 · 제주고사리해장국 중문,https://map.naver.com/p/search/%EC%A0%9C%EC%A3%BC%EA%B3%A0%EC%82%AC%EB%A6%AC%ED%95%B4%EC%9E%A5%EA%B5%AD%20%EC%A4%91%EB%AC%B8,"제주식 고사리해장국 11,000원",운영자 제공 네이버 플레이스 메뉴 탭 캡처(2026-10-04) · 상호 일부가 화면에서 잘림(중문…)
CJU-FD-763,한국,제주,외식,저가 한끼,제주 몸국,Jeju Momguk (Seaweed Pork Soup),11000,11000,KRW,1그릇,메뉴형,일반,C 보조,조건부,확정 1차,2026-10-04,2026,네이버 플레이스 · 제주고사리해장국 중문,https://map.naver.com/p/search/%EC%A0%9C%EC%A3%BC%EA%B3%A0%EC%82%AC%EB%A6%AC%ED%95%B4%EC%9E%A5%EA%B5%AD%20%EC%A4%91%EB%AC%B8,"몸국 11,000원",운영자 제공 네이버 플레이스 메뉴 탭 캡처(2026-10-04) · 상호 일부가 화면에서 잘림(중문…)
CJU-FD-764,한국,제주,외식,저가 한끼,제주 접짝뼈국,Jeju Jeopjjak-ppyeoguk (Pork Rib Soup),12000,12000,KRW,1그릇,메뉴형,일반,C 보조,조건부,확정 1차,2026-10-04,2026,네이버 플레이스 · 제주고사리해장국 중문,https://map.naver.com/p/search/%EC%A0%9C%EC%A3%BC%EA%B3%A0%EC%82%AC%EB%A6%AC%ED%95%B4%EC%9E%A5%EA%B5%AD%20%EC%A4%91%EB%AC%B8,"접짝뼈국 12,000원",운영자 제공 네이버 플레이스 메뉴 탭 캡처(2026-10-04) · 상호 일부가 화면에서 잘림(중문…)
CJU-FD-765,한국,제주,외식,중가 한끼,성산바다풍경 해물뚝배기,Seongsan Badapunggyeong Seafood Ttukbaegi,16000,16000,KRW,1인분,메뉴형,일반,C 보조,조건부,확정 1차,2026-10-04,2026,네이버 플레이스 · 성산바다풍경 제주성산,https://map.naver.com/p/search/%EC%84%B1%EC%82%B0%EB%B0%94%EB%8B%A4%ED%92%8D%EA%B2%BD%20%EC%A0%9C%EC%A3%BC%EC%84%B1%EC%82%B0,"♠바다풍경뚝배기♠ 16,000원",운영자 제공 네이버 플레이스 메뉴 탭 캡처(2026-10-04) · 메뉴 최근 업데이트 26.03.06
CJU-FD-766,한국,제주,외식,중가 한끼,성산바다풍경 오분자기뚝배기,Seongsan Badapunggyeong Small Abalone Ttukbaegi,19000,19000,KRW,1인분,메뉴형,일반,C 보조,조건부,확정 1차,2026-10-04,2026,네이버 플레이스 · 성산바다풍경 제주성산,https://map.naver.com/p/search/%EC%84%B1%EC%82%B0%EB%B0%94%EB%8B%A4%ED%92%8D%EA%B2%BD%20%EC%A0%9C%EC%A3%BC%EC%84%B1%EC%82%B0,"♠오분자기뚝배기♠ 19,000원",운영자 제공 네이버 플레이스 메뉴 탭 캡처(2026-10-04) · 메뉴 최근 업데이트 26.03.06
CJU-FD-767,한국,제주,외식,저가 한끼,금돗 묵은지 흑돼지 김치찌개,Geumdot Aged Kimchi Black Pork Stew,7000,7000,KRW,1인분,메뉴형,일반,C 보조,조건부,확정 1차,2026-10-04,2026,네이버 플레이스 · 금돗 성산흑돼지,https://map.naver.com/p/search/%EA%B8%88%EB%8F%97%20%EC%84%B1%EC%82%B0%ED%9D%91%EB%8F%BC%EC%A7%80,"금돗 묵은지 흑돼지 김치찌개 7,000원",운영자 제공 네이버 플레이스 메뉴 탭 캡처(2026-10-04) · 고기 주문 시 곁들이는 식사 메뉴일 수 있음
CJU-FD-768,한국,제주,외식,저가 한끼,금돗 열무국수,Geumdot Young Radish Noodles,7000,7000,KRW,1그릇,메뉴형,일반,C 보조,조건부,확정 1차,2026-10-04,2026,네이버 플레이스 · 금돗 성산흑돼지,https://map.naver.com/p/search/%EA%B8%88%EB%8F%97%20%EC%84%B1%EC%82%B0%ED%9D%91%EB%8F%BC%EC%A7%80,"금돗열무국수 7,000원",운영자 제공 네이버 플레이스 메뉴 탭 캡처(2026-10-04) · 고기 주문 시 곁들이는 식사 메뉴일 수 있음
SEL-FD-760,한국,서울,외식,저가 한끼,청돈옥 묵은지김치찌개,Cheongdonok Aged Kimchi Stew,8000,8000,KRW,1인분,메뉴형,일반,C 보조,조건부,확정 1차,2026-10-04,2026,네이버 플레이스 · 청돈옥 홍대본점,https://map.naver.com/p/search/%EC%B2%AD%EB%8F%88%EC%98%A5%20%ED%99%8D%EB%8C%80%EB%B3%B8%EC%A0%90,"묵은지김치찌개 8,000원",운영자 제공 네이버 플레이스 메뉴 탭 캡처(2026-10-04)
SEL-FD-761,한국,서울,외식,저가 한끼,청돈옥 수육비빔면,Cheongdonok Boiled Pork Bibim Noodles,8000,8000,KRW,1그릇,메뉴형,일반,C 보조,조건부,확정 1차,2026-10-04,2026,네이버 플레이스 · 청돈옥 홍대본점,https://map.naver.com/p/search/%EC%B2%AD%EB%8F%88%EC%98%A5%20%ED%99%8D%EB%8C%80%EB%B3%B8%EC%A0%90,"수육비빔면 8,000원",운영자 제공 네이버 플레이스 메뉴 탭 캡처(2026-10-04)
SEL-AL-762,한국,서울,외식,주류,청돈옥 하이볼,Cheongdonok Highball,8000,8000,KRW,1잔,메뉴형,성인,C 보조,조건부,확정 1차,2026-10-04,2026,네이버 플레이스 · 청돈옥 홍대본점,https://map.naver.com/p/search/%EC%B2%AD%EB%8F%88%EC%98%A5%20%ED%99%8D%EB%8C%80%EB%B3%B8%EC%A0%90,"하이볼(얼그레이,히비스커스,복숭아) 8,000원",운영자 제공 네이버 플레이스 메뉴 탭 캡처(2026-10-04) · 식당 하이볼 1잔
SEL-FD-763,한국,서울,외식,저가 한끼,박만배아리랑보쌈 점심 보쌈정식 (평일),Bakmanbae Arirang Bossam Lunch Set (Weekday),12000,12000,KRW,1인분,요일형,일반,C 보조,조건부,확정 1차,2026-10-04,2026,네이버 플레이스 · 박만배아리랑보쌈 방이점,https://map.naver.com/p/search/%EB%B0%95%EB%A7%8C%EB%B0%B0%EC%95%84%EB%A6%AC%EB%9E%91%EB%B3%B4%EC%8C%88%20%EB%B0%A9%EC%9D%B4%EC%A0%90,"[점심] 보쌈정식 (평일 한정) 12,000원",운영자 제공 네이버 플레이스 메뉴 탭 캡처(2026-10-04) · 평일 오후 3시까지 판매
SEL-AL-764,한국,서울,외식,주류,송탄진대광부대찌개 소주 1병,Songtan Jindaegwang Soju (Bottle),4000,4000,KRW,1병 360ml,메뉴형,성인,C 보조,조건부,확정 1차,2026-10-04,2026,네이버 플레이스 · 송탄진대광부대찌개,https://map.naver.com/p/search/%EC%86%A1%ED%83%84%EC%A7%84%EB%8C%80%EA%B4%91%EB%B6%80%EB%8C%80%EC%B0%8C%EA%B0%9C,"소주 4,000원",운영자 제공 네이버 플레이스 메뉴 탭 캡처(2026-10-04) · 식당 소주 · 나눠 마시는 병 · 지점명 일부가 화면에서 잘림(성…)
SEL-AL-765,한국,서울,외식,주류,송탄진대광부대찌개 맥주 1병,Songtan Jindaegwang Beer (Bottle),5000,5000,KRW,1병 500ml,메뉴형,성인,C 보조,조건부,확정 1차,2026-10-04,2026,네이버 플레이스 · 송탄진대광부대찌개,https://map.naver.com/p/search/%EC%86%A1%ED%83%84%EC%A7%84%EB%8C%80%EA%B4%91%EB%B6%80%EB%8C%80%EC%B0%8C%EA%B0%9C,"맥주 5,000원",운영자 제공 네이버 플레이스 메뉴 탭 캡처(2026-10-04) · 식당 병맥주(카스) · 지점명 일부가 화면에서 잘림(성…)
SEL-SN-766,한국,서울,외식,음료,송탄진대광부대찌개 탄산음료 1캔,Songtan Jindaegwang Soft Drink (Can),2000,2000,KRW,1캔,메뉴형,일반,C 보조,조건부,확정 1차,2026-10-04,2026,네이버 플레이스 · 송탄진대광부대찌개,https://map.naver.com/p/search/%EC%86%A1%ED%83%84%EC%A7%84%EB%8C%80%EA%B4%91%EB%B6%80%EB%8C%80%EC%B0%8C%EA%B0%9C,"음료 2,000원",운영자 제공 네이버 플레이스 메뉴 탭 캡처(2026-10-04) · 식당 탄산음료 · 지점명 일부가 화면에서 잘림(성…)
