ID,국가,도시,카테고리,세부유형,항목(한글),Item (English),최소,최대,통화,단위,가격형태,대상,출처등급,모델사용,상태,조회일,적용/게시,출처명,출처 URL,원문 인용,비고
NYC-TR-001,미국,뉴욕,교통,지하철 1회권,지하철·시내버스 기본 요금,MTA subway and local bus base fare,3,3,USD,성인 1인 1회,고정형,일반,A 공식,예,확정 1차,2026-10-03,2026-01-04 이후,MTA,https://www.mta.info/fares-tolls/subway-bus,The fare is $3 for most riders on subways and local... buses,Perplexity 수집. OMNY·메트로카드 공통
NYC-TR-002,미국,뉴욕,교통,버스 1회권,급행버스 기본 요금,MTA express bus base fare,7.25,7.25,USD,성인 1인 1회,고정형,일반,A 공식,예,확정 1차,2026-10-03,2026-01-04 이후,MTA,https://www.mta.info/fares-tolls/subway-bus,Express buses cost $7.25.,Perplexity 수집
NYC-TR-003,미국,뉴욕,교통,페리 1회권,NYC 페리 성인 편도,NYC Ferry adult one-way,4.5,4.5,USD,성인 1인 1회,고정형,일반,A 공식,예,확정 1차,2026-10-03,2026,NYC Ferry,https://www.ferry.nyc/ticketing-info/,One-way $4.50,Perplexity 수집
NYC-TR-004,미국,뉴욕,교통,철도 1회권,LIRR 시티티켓 비혼잡 시간,LIRR CityTicket off-peak,5.25,5.25,USD,성인 1인 1회,고정형,일반,A 공식,예,확정 1차,2026-10-03,2026,MTA LIRR,https://www.mta.info/fares-tolls/lirr-metro-north,a one-way CityTicket costs $5.25 for off-peak trains,Perplexity 수집. 뉴욕시 안 구간·혼잡 시간 7.25
NYC-FD-101,미국,뉴욕,외식,저가 한끼,셰이크쉑 쉑버거,Shake Shack ShackBurger,7.69,7.69,USD,1인분,고정형,일반,A 공식,예,확정 1차,2026-10-03,2026,Shake Shack,https://shakeshack.com/location/theater-district-ny,ShackBurger $7.69,Perplexity 수집. 판매세 별도
NYC-FD-102,미국,뉴욕,외식,간식,주니어스 체리 치즈케이크 1조각,Junior's Cherry Cheesecake slice,9.95,9.95,USD,1조각,고정형,일반,A 공식,예,확정 1차,2026-10-03,2026,Junior's Cheesecake,https://www.juniorscheesecake.com,Cherry Cheesecake slice $9.95,Perplexity 수집(한 끼로 왔으나 디저트라 간식으로 분류). 판매세 별도
NYC-FD-103,미국,뉴욕,외식,중가 한끼,휴스턴 홀 버거와 감자튀김,Houston Hall Burger & Fries,21.95,21.95,USD,1인분,고정형,일반,A 공식,예,확정 1차,2026-10-03,2026,Houston Hall,https://www.houstonhallny.com/menus/,Houston Hall Burger & Fries $21.95,Perplexity 수집. 판매세 별도(같은 식당 다른 메뉴 2개는 넣지 않음)
NYC-FD-202,미국,뉴욕,외식,주류,휴스턴 홀 골든 라거 스몰,Houston Hall Golden Lager small,9.5,9.5,USD,1잔 16oz,고정형,일반,A 공식,예,확정 1차,2026-10-03,2026,Houston Hall,https://www.houstonhallny.com/menus/,Golden Lager Small $9.50,Perplexity 수집(음료로 왔으나 맥주라 주류). 판매세 별도
NYC-FD-203,미국,뉴욕,외식,주류,휴스턴 홀 소비뇽 블랑 1잔,Houston Hall Sauvignon Blanc glass,14.5,14.5,USD,1잔,고정형,일반,A 공식,예,확정 1차,2026-10-03,2026,Houston Hall,https://www.houstonhallny.com/menus/,Sauvignon Blanc Gl $14.50,Perplexity 수집(음료로 왔으나 와인이라 주류). 판매세 별도
NYC-SV-101,미국,뉴욕,기념품,잡화,메트 로고 비닐 토트백,The Met logo vinyl tote,55,55,USD,1개,고정형,일반,A 공식,예,확정 1차,2026-10-03,2026,The Met Store,https://store.metmuseum.org/met-logo-vinyl-tote-logovinyltote,Price: $55.00,Perplexity 수집. 상품 페이지 가격·판매세 별도
NYC-AT-101,미국,뉴욕,관광,랜드마크,자유의 여신상·엘리스섬 그라운드 티켓,Statue of Liberty & Ellis Island Grounds Ticket,23.5,23.5,USD,성인 1인,고정형,일반,A 공식,예,확정 1차,2026-10-03,2026,Statue of Liberty & Ellis Island Foundation,https://www.statueofliberty.org/visit/faq-2/,Grounds Tickets: Adult: $23.50,Perplexity 수집. 페리 왕복 포함
NYC-AT-102,미국,뉴욕,관광,전망대,엠파이어 스테이트 빌딩 86층 전망대,Empire State Building 86th Floor Main Deck,46,46,USD,성인 1인,수요형,일반,A 공식,예,확정 1차,2026-10-03,2026,Empire State Building,https://www.esbnyc.com/buy-tickets,Buy Tickets from $46,Perplexity 수집(범위 44~46으로 왔으나 인용 '부터 $46' 으로 정정). 시작가·온라인 예약 수수료 별도
NYC-AT-103,미국,뉴욕,관광,전망대,엠파이어 스테이트 빌딩 102층·86층,Empire State Building 102nd & 86th Floor,81,81,USD,성인 1인,고정형,일반,A 공식,예,확정 1차,2026-10-03,2026,Empire State Building,https://www.esbnyc.com/buy-tickets,Buy Tickets from $81,Perplexity 수집. 시작가
NYC-AT-104,미국,뉴욕,관광,미술관,메트로폴리탄 미술관 성인 입장권,The Met adult admission,30,30,USD,성인 1인,고정형,일반,A 공식,예,확정 1차,2026-10-03,2026,The Metropolitan Museum of Art,https://www.metmuseum.org/visit-guides/membership,Adult: $30.00,Perplexity 수집
NYC-AT-105,미국,뉴욕,관광,미술관,MoMA 성인 입장권,MoMA admission (Adult),30,30,USD,성인 1인,고정형,일반,A 공식,예,확정 1차,2026-10-03,2026,MoMA,https://www.moma.org/visit/tips,Adult: $30.00,Perplexity 수집
NYC-AT-106,미국,뉴욕,관광,박물관,9/11 메모리얼 박물관 성인 입장권,9/11 Memorial Museum adult admission,36,36,USD,성인 1인,고정형,일반,A 공식,예,확정 1차,2026-10-08,2026,9/11 Memorial & Museum,https://visit.911memorial.org/WebStore/shop/ViewItems.aspx?C=museum&CG=tickets,Adult: $33.00,Perplexity 수집 · 교차 검수 반영(2026-10-08): 공식 현행 가격 $36.00
NYC-SV-111,미국,뉴욕,기념품,잡화,메트 로고 접이식 우산,The Met logo folding umbrella,25,25,USD,1개,고정형,일반,A 공식,예,확정 1차,2026-10-03,2026,The Met Store,https://store.metmuseum.org/met-logo-folding-umbrella-80056083,Price: $25.00,Perplexity 수집. 상품 페이지 가격·판매세 별도
NYC-FD-121,미국,뉴욕,외식,중가 한끼,카츠 델리 파스트라미 샌드위치,Katz's Delicatessen pastrami sandwich,28.95,28.95,USD,1인분,고정형,일반,A 공식,예,확정 1차,2026-10-03,2026,Katz's Delicatessen,https://katzsdelicatessen.com/,KATZ'S PASTRAMI SANDWICH $28.95,Perplexity 수집. 공식 홈페이지 배송 메뉴·판매세 별도
NYC-SV-121,미국,뉴욕,기념품,잡화,자유의 여신상 공식 숍 문서 홀더 소형,Statue of Liberty shop branded document holder small,25,25,USD,1개,고정형,일반,A 공식,예,확정 1차,2026-10-03,2026,Statue of Liberty & Ellis Island Foundation,https://www.statueofliberty.org/product/logo-embossed-leatherette-eight-corner-document-holder-small/,Branded Document Holder – Small for 8.5×11 $25.00,Perplexity 수집. 상품 페이지·판매세 별도
