ID,도시,항목,최소,최대,통화,단위,대상,가격형태,출처 URL,조회일,판정,확인 가격,확인 URL,확인일,메모
TYO-TR-001,도쿄,도쿄 지하철 24시간권,1000,1000,JPY,성인 1인,방문객,고정형,https://www.tokyometro.jp/en/ticket/travel/index.html,2026-10-02,,,,,
TYO-TR-002,도쿄,도쿄 지하철 48시간권,1500,1500,JPY,성인 1인,방문객,고정형,https://www.tokyometro.jp/en/ticket/travel/index.html,2026-10-02,,,,,
TYO-TR-003,도쿄,도쿄 지하철 72시간권,2000,2000,JPY,성인 1인,방문객,고정형,https://www.tokyometro.jp/en/ticket/travel/index.html,2026-10-02,,,,,
TYO-TR-004,도쿄,도쿄 지하철 24시간권,500,500,JPY,아동 1인,아동,고정형,https://www.tokyometro.jp/en/ticket/travel/index.html,2026-10-02,,,,,
TYO-AT-001,도쿄,도쿄 스카이트리 콤보권,3000,3000,JPY,성인 1인,방문객,일정/구성형,https://www.tokyo-skytree.jp/en/ticket/individual/,2026-10-02,,,,,
TYO-FD-001,도쿄,스키야 규동 M,480,480,JPY,1그릇,일반,고정형,https://www.sukiya.jp/en/,2026-10-02,,,,,
TYO-FD-002,도쿄,모둠 튀김과 밥,2800,2800,JPY,1세트,일반,고정형,https://www.tokyodisneyresort.jp/en/tdl/restaurant/food/313/,2026-10-02,,,,,
TYO-FD-003,도쿄,레스토랑 호쿠사이 스페셜 세트,4200,4200,JPY,1세트,일반,기간형,https://www.tokyodisneyresort.jp/en/tdl/restaurant/food/313/,2026-10-02,,,,,
TYO-SV-001,도쿄,도쿄바나나 오리지널 4개,691,691,JPY,1상자,일반,고정형,https://www.tokyobanana.jp/language/en/products/28.html,2026-10-02,,,,,
TYO-SV-002,도쿄,도쿄바나나 오리지널 8개,1296,1296,JPY,1상자,일반,고정형,https://www.tokyobanana.jp/language/en/products/28.html,2026-10-02,,,,,
OSA-TR-001,오사카,오사카 메트로 1일권 평일,820,820,JPY,성인 1인,일반,요일형,https://subway.osakametro.co.jp/en/guide/fare/category_digital_tickets/digital_tickets/digital_joshaken.php,2026-10-02,,,,,
OSA-TR-002,오사카,오사카 메트로 1일권 주말·공휴일,620,620,JPY,성인 1인,일반,요일형,https://subway.osakametro.co.jp/en/guide/fare/category_digital_tickets/digital_tickets/digital_joshaken.php,2026-10-02,,,,,
OSA-AT-001,오사카,우메다 스카이빌딩 전망대,2000,2000,JPY,성인 1인,일반,고정형,https://osaka-amazing-pass.com/en/service_free.html,2026-10-02,,,,,
OSA-AT-002,오사카,HEP FIVE 관람차,1000,1000,JPY,1인,일반,고정형,https://osaka-amazing-pass.com/en/service_free.html,2026-10-02,,,,,
OSA-AT-003,오사카,산타마리아 데이크루즈,2000,2000,JPY,성인 1인,일반,기간형,https://www.e-pass.osaka-info.jp/en/facility/free,2026-10-02,,,,,
OSA-FD-001,오사카,타코야키 6개,630,630,JPY,1접시,일반,고정형,https://www.takohachi.jp/,2026-10-02,,,,,
OSA-FD-002,오사카,오사카 튀김 정식,1980,1980,JPY,1세트,일반,고정형,https://www.osaka-info.jp/en/gourmet/,2026-10-02,,,,,
OSA-SV-001,오사카,551 HORAI 돼지고기만두 2개,500,500,JPY,1상자,일반,고정형,https://www.551horai.co.jp/menu/butaman/,2026-10-02,,,,,
OSA-SV-002,오사카,551 HORAI 돼지고기만두 4개,1000,1000,JPY,1상자,일반,고정형,https://www.551horai.co.jp/menu/butaman/,2026-10-02,,,,,
OSA-SV-003,오사카,리쿠로 선물 파이 8개,980,980,JPY,1상자,일반,고정형,https://www.rikuro.co.jp/newsitem/1647.html,2026-10-02,,,,,
BKK-TR-001,방콕,BTS 1일권,150,150,THB,1인/당일,일반,고정형,https://www.bts.co.th/eng/tickets/ticket-daypass.html,2026-10-02,,,,,
BKK-AT-001,방콕,왕궁 외국인 입장권,500,500,THB,성인 1인,외국인,고정형,https://www.royalgrandpalace.th/en/visit/practical-information,2026-10-02,,,,,
BKK-AT-002,방콕,왓 아룬 입장권,200,200,THB,외국인 1인,외국인,고정형,https://www.tourismthailand.org/Attraction/wat-arun-or-temple-of-dawn,2026-10-02,,,,,
BKK-FD-001,방콕,태국식 볶음밥,129,229,THB,1접시,일반,재료형,https://bullys-bangkok.com/menu/thaidishes/,2026-10-02,,,,,
BKK-FD-002,방콕,라브,169,229,THB,1접시,일반,재료형,https://bullys-bangkok.com/menu/thaidishes/,2026-10-02,,,,,
BKK-FD-003,방콕,강새우 팟타이,450,450,THB,1접시,일반,고정형,https://www.amari.com/bangkok/dine/chomsindh,2026-10-02,,,,,
BKK-SV-001,방콕,실크 소형 파우치,1150,1150,THB,1개,일반,재고형,https://www.jimthompson.com/collections/the-blue-jasmine-x-jim-thompson?page=2,2026-10-02,,,,,
BKK-SV-002,방콕,코인 카드 지갑,950,950,THB,1개,일반,재고형,https://www.jimthompson.com/collections/the-blue-jasmine-x-jim-thompson?page=2,2026-10-02,,,,,
DAD-AT-001,다낭,선월드 바나힐 입장권,950000,950000,VND,성인 1인,비거주자,일정/대상형,https://banahills.sunworld.vn/en/ticket-price,2026-10-02,,,,,
DAD-AT-002,다낭,오행산 입장권,40000,40000,VND,성인 1인,일반,고정형,https://nguhanhson.org/,2026-10-02,,,,,
DAD-AT-003,다낭,오행산 엘리베이터 왕복,30000,30000,VND,1인 왕복,일반,고정형,https://nguhanhson.org/,2026-10-02,,,,,
DAD-FD-001,다낭,미꽝/반깐 길거리 한그릇,30000,50000,VND,1그릇,일반,시장형,https://www.vietnamtourism.com/en/da-nang-food-scene-what-and-where-to-eat,2026-10-02,,,,,
DAD-FD-002,다낭,미꽝 개구리 전문점,34000,97000,VND,1메뉴,일반,메뉴형,https://www.foodtourdanang.vn/en/my-quang-ech-bep-trang-bach-dang?food=52,2026-10-02,,,,,
TPE-TR-001,타이베이,타이베이 MRT 1일권,150,150,TWD,1인/영업종료까지,일반,고정형,https://web.metro.taipei/QRCode/TaipeiMetroGuides/TaipeiMetroGuide_English.pdf,2026-10-02,,,,,
TPE-TR-002,타이베이,타이베이 MRT 24시간권,180,180,TWD,1인/24시간,일반,고정형,https://web.metro.taipei/QRCode/TaipeiMetroGuides/TaipeiMetroGuide_English.pdf,2026-10-02,,,,,
TPE-TR-003,타이베이,타이베이 MRT 48시간권,280,280,TWD,1인/48시간,일반,고정형,https://web.metro.taipei/QRCode/TaipeiMetroGuides/TaipeiMetroGuide_English.pdf,2026-10-02,,,,,
TPE-AT-001,타이베이,타이베이 101 일반권,600,600,TWD,성인 1인,방문객,고정형,https://www.taipei-101.com.tw/en/observatory/ticket,2026-10-02,,,,,
TPE-AT-002,타이베이,국립고궁박물원 일반권,350,350,TWD,성인 1인,일반,고정형,https://www.npm.gov.tw/Articles.aspx?l=2&sno=02007004,2026-10-02,,,,,
TPE-FD-001,타이베이,딘타이펑 돼지고기 샤오롱바오 10개,290,290,TWD,10개,일반,고정형,https://www.ubereats.com/tw-en/brand-city/taipei-tpe/dintaifung,2026-10-02,,,,,
TPE-FD-002,타이베이,고기 없는 우육면 국물면,180,180,TWD,1그릇,일반,고정형,https://www.ubereats.com/tw-en/brand-city/taipei-tpe/dintaifung,2026-10-02,,,,,
TPE-SV-001,타이베이,치아더 펑리수 6개,228,228,TWD,1상자,일반,고정형,https://taiwan-souvenirs.com/en/products,2026-10-02,,,,,
TPE-SV-002,타이베이,치아더 펑리수 12개,456,456,TWD,1상자,일반,고정형,https://taiwan-souvenirs.com/en/products,2026-10-02,,,,,
SIN-TR-001,싱가포르,싱가포르 투어리스트 패스,17,17,SGD,1일 시작가,방문객,기간형,https://simplygo.com.sg/locations/singapore-tourist-pass-sales-channels/,2026-10-02,,,,,
SIN-AT-001,싱가포르,플라워돔+클라우드 포레스트,46,46,SGD,비거주 성인 1인,비거주자,구성형,https://www.gardensbythebay.com.sg/en/things-to-do/attractions/cloud-forest.html,2026-10-02,,,,,
SIN-AT-002,싱가포르,플라워돔+클라우드 포레스트,32,32,SGD,비거주 아동 1인,아동 3-12,구성형,https://www.gardensbythebay.com.sg/en/things-to-do/attractions/cloud-forest.html,2026-10-02,,,,,
SIN-FD-001,싱가포르,전통 카야토스트,6,6,SGD,1메뉴,일반,매장형,https://gobugis.com/shop/toast-box-bugis-junction,2026-10-02,,,,,
SIN-FD-002,싱가포르,락사,10,10,SGD,1그릇,일반,매장형,https://gobugis.com/shop/toast-box-bugis-junction,2026-10-02,,,,,
SIN-FD-003,싱가포르,커리치킨 라이스,10.3,10.3,SGD,1그릇,일반,매장형,https://gobugis.com/shop/toast-box-bugis-junction,2026-10-02,,,,,
SIN-FD-004,싱가포르,코피 O,2.2,2.2,SGD,1잔,일반,매장형,https://gobugis.com/shop/toast-box-bugis-junction,2026-10-02,,,,,
SIN-SV-001,싱가포르,판단 카야 케이크 레귤러,31.8,31.8,SGD,1개,일반,매장형,https://makaneast.com/shop/bengawan-solo,2026-10-02,,,,,
PAR-TR-001,파리,나비고 1일권 전 구역,12.3,12.3,EUR,1일,일반,고정형,https://www.iledefrance-mobilites.fr/en/titres-et-tarifs/detail/forfait-navigo-jour,2026-10-02,,,,,
PAR-AT-001,파리,에펠탑 2층 계단,14.8,14.8,EUR,성인 1인,성인,고정형,https://www.toureiffel.paris/en/rates-opening-times,2026-10-02,,,,,
PAR-AT-002,파리,에펠탑 2층 엘리베이터,23.5,23.5,EUR,성인 1인,성인,고정형,https://www.toureiffel.paris/en/rates-opening-times,2026-10-02,,,,,
PAR-AT-003,파리,에펠탑 정상 엘리베이터,36.7,36.7,EUR,성인 1인,성인,고정형,https://www.toureiffel.paris/en/rates-opening-times,2026-10-02,,,,,
PAR-AT-005,파리,루브르 비EEA 방문객,32,32,EUR,성인 1인,비EEA,거주지형,https://www.louvre.fr/en/visit/hours-admission/tickets-and-prices,2026-10-02,,,,,
PAR-FD-001,파리,부용 샤르티에 메인 시작가,7,7,EUR,1메뉴 시작가,일반,메뉴형,https://www.bouillon-chartier.com/,2026-10-02,,,,,
PAR-SV-001,파리,에펠탑 토트백,19.99,19.99,EUR,1개,일반,재고형,https://shop.toureiffel.paris/en/,2026-10-02,,,,,
PAR-SV-002,파리,에펠탑 티 선물,11.99,11.99,EUR,1개,일반,재고형,https://shop.toureiffel.paris/en/,2026-10-02,,,,,
PAR-SV-003,파리,마카롱 낱개,3.2,3.7,EUR,1개,일반,매장형,https://parisjetaime.com/eng/article/what-to-eat-in-paris-a954,2026-10-02,,,,,
LON-TR-001,런던,TfL 존 1-2 일일 상한,8.9,8.9,GBP,성인 1일,일반,고정형,https://madeby.tfl.gov.uk/2026/09/07/london-life-as-a-student/,2026-10-02,,,,,
LON-AT-001,런던,런던탑 성인권,38,38,GBP,성인 1인,성인,고정형,https://www.hrp.org.uk/tower-of-london/,2026-10-02,,,,,
LON-AT-002,런던,런던탑 아동권,19,19,GBP,아동 1인,5-15세,고정형,https://www.hrp.org.uk/tower-of-london/,2026-10-02,,,,,
LON-AT-003,런던,런던아이 성인권,29,39,GBP,성인 1인,성인,수요형,https://www.londoneye.com/tickets-and-prices/,2026-10-02,,,,,
LON-AT-004,런던,런던아이 아동권,26,35,GBP,아동 1인,2-15세,수요형,https://www.londoneye.com/tickets-and-prices/,2026-10-02,,,,,
LON-AT-005,런던,대영박물관 상설 관람,0,0,GBP,1인,일반,고정형,https://www.britishmuseum.org/visit,2026-10-02,,,,,
LON-SV-001,런던,대영박물관 숍 소형 굿즈 시작가,6.99,6.99,GBP,1개 시작가,일반,재고형,https://www.britishmuseumshoponline.org/,2026-10-02,,,,,
TYO-AT-002,도쿄,도쿄타워 메인데크,1500,1500,JPY,성인 1인,일반,고정형,https://en.tokyotower.co.jp/fee/,2026-10-02,,,,,
TYO-AT-003,도쿄,도쿄국립박물관 종합문화전,1000,1000,JPY,성인 1인,일반,고정형,https://www.tnm.jp/modules/r_free_page/index.php?id=113,2026-10-02,,,,,
TYO-SV-003,도쿄,도쿄바나나 원더 초콜릿 샌드 12개,1458,1458,JPY,1상자,일반,재고형,https://www.tokyobanana.jp/language/en/products/80.html,2026-10-02,,,,,
TYO-SV-004,도쿄,포켓몬 도쿄바나나 초콜릿 쿠키 샌드 12개,1460,1460,JPY,1상자,일반,재고형,https://www.tokyobanana.jp/language/en/products/72.html,2026-10-02,,,,,
OSA-TR-003,오사카,오사카 메트로 성인 1회 요금,190,390,JPY,성인 1인 1회,일반,거리형,https://subway.osakametro.co.jp/guide/fare/fare/price.php/1000,2026-10-02,,,,,
OSA-TR-004,오사카,오사카 시티버스 성인 균일요금,210,210,JPY,성인 1인 1회,일반,고정형,https://bus.osakametro.co.jp/en/guide/fare/fare/price.php,2026-10-02,,,,,
OSA-TR-005,오사카,이마자토 라이너 성인 균일요금,210,210,JPY,성인 1인 1회,일반,고정형,https://brt.osakametro.co.jp/en/guide/fare/fare/price.php,2026-10-02,,,,,
OSA-FD-003,오사카,마쓰야 규동 보통,460,460,JPY,1그릇,일반,고정형,https://www.matsuyafoods.co.jp/english/menu/gyumeshi/index.html,2026-10-02,,,,,
OSA-FD-004,오사카,치보 도톤보리야키,1480,1480,JPY,1메뉴,일반,메뉴형,https://www.chibo.com/menu/,2026-10-02,,,,,
OSA-SV-004,오사카,551 호라이 새우 슈마이 12개,840,840,JPY,1상자,일반,재고형,https://shop-551horai.co.jp/shop/g/gH6120H/,2026-10-02,,,,,
BKK-TR-002,방콕,BTS 단일 여정 요금,17,47,THB,성인 1인 1회,일반,거리형,https://www.bts.co.th/eng/tickets/ticket-journey.html,2026-10-02,,,,,
BKK-TR-003,방콕,MRT 블루라인 단일 여정 요금,17,44,THB,성인 1인 1회,일반,거리형,https://metro.bemplc.co.th/Metro-News-Detail.aspx?id=40995,2026-10-02,,,,,
BKK-TR-004,방콕,레드라인 단일 여정 요금,12,42,THB,성인 1인 1회,일반,거리형,https://www.srtet.co.th/en/fare-timetable,2026-10-02,,,,,
BKK-AT-003,방콕,왓 포 외국인 입장권,300,300,THB,외국인 1인,외국인,고정형,https://watpho.com/en/home,2026-10-02,,,,,
BKK-SV-003,방콕,짐 톰슨 포니테일 밴드,790,790,THB,1개,일반,재고형,https://www.jimthompson.com/collections/gifting-small-accessories,2026-10-02,,,,,
DAD-TR-005,다낭,다낭 보조금 시내버스 일반요금,8000,8000,VND,성인 1인 1회,일반,고정형,https://www.danangbus.vn/tin-tuc/tin-tuc/he-thong-xe-buyt-tro-gia-da-nang-gia-ve-sieu-re-phu-song-tien-ich-5683.html,2026-10-02,,,,,
DAD-TR-006,다낭,다낭 공항-베트남한대 06번 버스,15000,30000,VND,성인 1인 1회,일반,구간형,https://www.danangbus.vn/tin-tuc/tin-tuc/thong-bao-ve-viec-mo-tuyen-xe-buyt-so-06-san-bay-da-nang--dai-hoc-viet-han-5582.html,2026-10-02,,,,,
DAD-TR-007,다낭,다낭 공항-바나힐 03번 버스,15000,30000,VND,성인 1인 1회,일반,구간형,https://www.danangbus.vn/tin-tuc/tin-tuc/cung-danabus-du-lich-ba-na-hills-5445.html,2026-10-02,,,,,
DAD-FD-004,다낭,미꽝 바무아 소고기 미꽝,50000,50000,VND,1그릇,일반,메뉴형,https://myquangbamua.com.vn/thuc-don/,2026-10-02,,,,,
DAD-SV-001,다낭,페바 초콜릿 6개 상자,64800,64800,VND,1상자,일반,재고형,https://phevaworld.com/shop/,2026-10-02,,,,,
DAD-SV-002,다낭,페바 하트 캐슈넛 초콜릿 64g,108000,108000,VND,1상자,일반,재고형,https://phevaworld.com/shop/,2026-10-02,,,,,
DAD-SV-003,다낭,페바 딸기 초콜릿 바 35g,59400,59400,VND,1개,일반,재고형,https://phevaworld.com/shop/,2026-10-02,,,,,
TPE-AT-003,타이베이,타이베이 동물원 일반 입장권,100,100,TWD,일반 1인,일반,고정형,https://english.zoo.gov.taipei/cp.aspx?n=8ED5B9F3BA1D301D,2026-10-02,,,,,
TPE-FD-003,타이베이,핀촨란 칼집 스테이크 우육면,260,260,TWD,1그릇,일반,메뉴형,https://www.pinchuanlan.com.tw/Menus?lg=en,2026-10-02,,,,,
TPE-SV-003,타이베이,써니힐스 바나나 쿠키 12개,520,520,TWD,1상자,일반,재고형,https://shop.sunnyhills.com.tw/,2026-10-02,,,,,
TPE-SV-004,타이베이,써니힐스 파인애플 주스 4병,600,600,TWD,1상자,일반,재고형,https://shop.sunnyhills.com.tw/,2026-10-02,,,,,
SIN-TR-002,싱가포르,기본 버스 카드 성인 요금,1.28,2.57,SGD,성인 1인 1회,일반,거리형,https://www.ptc.gov.sg/fares/public-transport-fares-and-passes/,2026-10-02,,,,,
SIN-TR-003,싱가포르,MRT/LRT 카드 성인 요금,1.28,2.57,SGD,성인 1인 1회,일반,거리형,https://www.ptc.gov.sg/fares/public-transport-fares-and-passes/,2026-10-02,,,,,
SIN-TR-004,싱가포르,익스프레스 버스 카드 성인 요금,2.28,3.57,SGD,성인 1인 1회,일반,거리형,https://www.ptc.gov.sg/fares/public-transport-fares-and-passes/,2026-10-02,,,,,
SIN-AT-003,싱가포르,국립 난초 정원 일반 입장권,15,15,SGD,성인 1인,일반,고정형,https://sbg.nparks.gov.sg/attractions/national-orchid-garden/,2026-10-02,,,,,
SIN-AT-004,싱가포르,싱가포르 국립박물관 관광객 성인권,20,20,SGD,성인 1인,관광객,고정형,https://www.nhb.gov.sg/nationalmuseum/plan-your-visit/visitor-information/admissions,2026-10-02,,,,,
SIN-FD-005,싱가포르,올드창키 시그니처 커리치킨 라이스,8.9,8.9,SGD,1메뉴,일반,메뉴형,https://www.oldchangkee.com/images/Coffee-House-Menu.pdf,2026-10-02,,,,,
SIN-SV-002,싱가포르,벵가완 솔로 파인애플 타르트 330g,28,28,SGD,1상자,일반,재고형,https://bengawansolo.sg/signatures,2026-10-02,,,,,
SIN-SV-003,싱가포르,벵가완 솔로 판단 쉬폰,22,22,SGD,1개,일반,재고형,https://bengawansolo.sg/signatures,2026-10-02,,,,,
PAR-TR-002,파리,메트로-기차-RER 단일권,2.55,2.55,EUR,성인 1인 1회,일반,고정형,https://www.iledefrance-mobilites.fr/en/titres-et-tarifs/detail/ticket-metro-train-rer,2026-10-02,,,,,
PAR-TR-003,파리,버스-트램 단일권,2.05,2.05,EUR,성인 1인 1회,일반,고정형,https://www.iledefrance-mobilites.fr/en/tarifs-titre-de-transport-en-commun-2026,2026-10-02,,,,,
PAR-TR-004,파리,나비고 리베르테 플러스 메트로-기차-RER,2.04,2.04,EUR,성인 1인 1회,일반,구독형,https://www.iledefrance-mobilites.fr/en/titres-et-tarifs/detail/navigo-liberte-plus,2026-10-02,,,,,
PAR-FD-003,파리,부용 서비스 3코스 세트,10,10,EUR,1인 세트,일반,메뉴형,https://bouillonlesite.com/,2026-10-02,,,,,
PAR-FD-004,파리,비스트로 파리지앵 시저 샐러드,19,19,EUR,1메뉴,일반,메뉴형,https://www.bateauxparisiens.com/upload/pdf/1498/EN%20Bistro%20Menu%20PE26%20Particuliers.pdf,2026-10-02,,,,,
LON-TR-002,런던,TfL 버스·트램 성인 PAYG,1.75,1.75,GBP,성인 1인 1회,일반,고정형,https://tfl.gov.uk/campaign/fares-from-2-march-2025,2026-10-02,,,,,
LON-TR-003,런던,런던 지하철 존1 피크 PAYG,3.1,3.1,GBP,성인 1인 1회,일반,고정형,https://tfl.gov.uk/campaign/fares-from-2-march-2025,2026-10-02,,,,,
LON-TR-004,런던,IFS 클라우드 케이블카 편도 성인권,7,7,GBP,성인 1인 1회,일반,고정형,https://tfl.gov.uk/campaign/fares-from-2-march-2025,2026-10-02,,,,,
LON-FD-005,런던,디슘 촐레 푸리 할와,15.9,15.9,GBP,1메뉴,일반,메뉴형,https://www.dishoom.com/menu/all-day-main/,2026-10-02,,,,,
LON-FD-006,런던,디슘 치킨 루비,18.9,18.9,GBP,1메뉴,일반,메뉴형,https://www.dishoom.com/menu/all-day-main/,2026-10-02,,,,,
LON-FD-007,런던,디슘 램 비리야니,21.5,21.5,GBP,1메뉴,일반,메뉴형,https://www.dishoom.com/menu/all-day-main/,2026-10-02,,,,,
LON-SV-002,런던,대영박물관 입체 자석,3.75,3.75,GBP,1개,일반,재고형,https://www.britishmuseumshoponline.org/british-museum-facade-3d-magnet.html,2026-10-02,,,,,
LON-SV-003,런던,대영박물관 토트백,3.99,3.99,GBP,1개,일반,재고형,https://www.britishmuseumshoponline.org/british-museum-tote-bag.html,2026-10-02,,,,,
TYO-TR-005,도쿄,도쿄 메트로 보통권,180,330,JPY,성인 1인 1회,일반,거리형,https://www.tokyometro.jp/lang_en/ticket/types/regular/index.html,2026-10-02,,,,,
TYO-TR-006,도쿄,도에이 지하철 보통권,180,430,JPY,성인 1인 1회,일반,거리형,https://www.kotsu.metro.tokyo.jp/subway/fare/regular.html,2026-10-02,,,,,
TYO-TR-007,도쿄,도에이 버스 23구 일반요금,210,210,JPY,성인 1인 1회,일반,고정형,https://www.kotsu.metro.tokyo.jp/bus/fare/regular.html,2026-10-02,,,,,
TPE-TR-004,타이베이,타이베이 MRT 단일 여정권,20,65,TWD,성인 1인 1회,일반,거리형,https://english.metro.taipei/cp.aspx?n=BECC2E7AC426F659&s=0EE224E8BA770C16,2026-10-02,,,,,
TPE-TR-005,타이베이,타이베이 시내버스 1구간 일반요금,15,15,TWD,성인 1인 1회,일반,구간형,https://ebus.gov.taipei/RelatedLinks/TicketInfo,2026-10-02,,,,,
TPE-TR-006,타이베이,마오콩 곤돌라 일반 단일권,180,180,TWD,성인 1인 1회,일반,고정형,https://www.gondola.taipei/News_Content.aspx?n=CD89BF7B570B52B7&s=829BC7358AD7802E,2026-10-02,,,,,
DAD-AT-004,다낭,다낭 참조각박물관 일반 입장권,60000,60000,VND,성인 1인 1회,일반,고정형,https://chammuseum.vn/view.aspx?ID=45,2026-10-02,,,,,
PAR-AT-006,파리,개선문 개인 입장권,16,22,EUR,성인 1인 1회,일반,요일/기간형,https://www.paris-arc-de-triomphe.fr/en/visit/practical-information,2026-10-02,,,,,
TPE-TR-007,타이베이,YouBike 2.0 일반 자전거 30분,10,10,TWD,성인 1인 1회(30분),일반,고정형,https://en.youbike.com.tw/region/taipei/rate/,2026-10-02,,,,,
LON-TR-005,런던,산탄데르 사이클 일반 자전거 30분,1.65,1.65,GBP,성인 1인 1회(30분),일반,고정형,https://tfl.gov.uk/modes/cycling/santander-cycles/what-you-pay,2026-10-02,,,,,
